SectionID,Latitude,Longitude,Altitude,OHEMas,EngFeature,TRDFeature,PWI,Division,Remark,Satellites,ModifiedDate
ADI - MAN,23.023508,72.601298,11.28477,495/2042,ADI  PL-3,,,ADI,,4,
ADI - MAN,23.023045,72.601378,6.575802,495/1028,ADI  PL-3,,,ADI,,4,
ADI - MAN,23.022782,72.601453,7.14608,495/2022,,,,ADI,,4,
ADI - MAN,23.022404,72.601471,13.46438,495/04,Mast on DN Side,T -O No 406 & S-I,,ADI,,4,
ADI - MAN,23.021967,72.601567,11.75147,495/02,Mast on DN Side,DIAMOND X-ing,,ADI,,4,
ADI - MAN,23.021783,72.601701,6.098503,494/46,Mast on DN Side,DIAMOND X-ing 424,,ADI,,4,
ADI - MAN,23.021329,72.601728,0.3045959,494/43,,T-Out No 425,,ADI,,4,
ADI - MAN,23.02108,72.60188,4.305229,494/41,ROB Gomtipur,T-Out No 430,,ADI,,4,
ADI - MAN,23.020696,72.602009,0.3658905,494/37,ROB Gomtipur &S-179,T-Out No 431,,ADI,,4,
ADI - MAN,23.020462,72.602221,16.07821,494/35,,X-Over  No 461,,ADI,,4,
ADI - MAN,23.020105,72.602355,43.06974,494/33,ADI/SSP,X-Over  No 468,,ADI,,4,
ADI - MAN,23.019757,72.602425,32.84809,494/29,ADI/SSP,X-Over  No 467,,ADI,,4,
ADI - MAN,23.019476,72.602431,24.96358,494/27,,X-Over  No 471 & BWA,,ADI,,4,
ADI - MAN,23.019155,72.602629,15.67032,494/25,, BWA,,ADI,,4,
ADI - MAN,23.01885,72.602759,12.73655,494/23A,,IOL  ADI/SSP,,ADI,,4,
ADI - MAN,23.018508,72.602835,0.08640289,494/21A,,IOL  ADI/SSP,,ADI,,4,
ADI - MAN,23.018163,72.602993,1.616985,494/19,,IOL  ADI/SSP,,ADI,,4,
ADI - MAN,23.017789,72.603092,4.120773,494/17,,X-Over No 477,,ADI,,4,
ADI - MAN,23.017623,72.603157,-0.6085243,494/15A,,X-Over No 478,,ADI,,4,
ADI - MAN,23.017285,72.60335,-11.70154,494/13,SEJ,,,ADI,,4,
ADI - MAN,23.01674,72.603518,-4.417946,494/11,,FTA,,ADI,,4,
ADI - MAN,23.016148,72.603816,-0.8216689,494/09,,,,ADI,,4,
ADI - MAN,23.015713,72.604059,-0.6574402,494/07,,,,ADI,,4,
ADI - MAN,23.015036,72.604242,0.562397,494/05,,,,ADI,,4,
ADI - MAN,23.014647,72.604627,4.810894,494/03,,,,ADI,,4,
ADI - MAN,23.014803,72.6051,5.20537,494/01A,,,,ADI,,4,
ADI - MAN,23.014803,72.6051,5.20537,493/43,Deisel Shed,ACA,,ADI,,4,
ADI - MAN,23.014803,72.6051,5.20537,493/41,Curve No 16,ACC,,ADI,,4,
ADI - MAN,23.012298,72.605612,-6.793324,493/39,Curve No 16,ACA,,ADI,,4,
ADI - MAN,23.011792,72.605819,-8.520805,493/37,S-12,,,ADI,,4,
ADI - MAN,23.011172,72.606026,-11.957,493/35,,,,ADI,,4,
ADI - MAN,23.010602,72.606289,-18.2834,493/33,SEJ,,,ADI,,4,
ADI - MAN,23.010246,72.606447,-22.13352,493/31A,SEJ & Curve No 15,,,ADI,,4,
ADI - MAN,23.009721,72.606701,-30.49035,493/29,Curve No 15,T-Out No 125,,ADI,,4,
ADI - MAN,23.009356,72.606779,-26.49943,493/27,Curve No 15,BWA & UIOL,,ADI,,4,
ADI - MAN,23.008861,72.607015,-14.35857,493/21,, IOL of SM-167 & BWA,,ADI,,4,
ADI - MAN,23.008299,72.607308,-13.60702,493/19,, IOL of SM-167 ,,ADI,,4,
ADI - MAN,23.007818,72.607717,33.86912,493/15,ANUPAM ROB, BWA ,,ADI,,4,
ADI - MAN,23.007366,72.607726,9.186626,493/11,ANUPAM ROB, X-OVER NO. 105,,ADI,,4,
ADI - MAN,23.007178,72.607813,8.305229,493/09B,DETC SHED KKF,,,ADI,,4,
ADI - MAN,23.006877,72.60789,9.56768,493/09A,DETC SHED KKF,X-OVER NO. 102,,ADI,,4,
ADI - MAN,23.006537,72.608116,8.710102,493/07,,BWA,,ADI,,4,
ADI - MAN,23.006074,72.608266,4.984581,493/05,SEJ,DETC SHED PT. 103,,ADI,,4,
ADI - MAN,23.005528,72.608559,6.430264,493/01,,,,ADI,,4,
ADI - MAN,23.005006,72.608788,2.623951,492/29,,,,ADI,,4,
ADI - MAN,23.004489,72.608993,2.960297,492/27,OHE DEPOT,,,ADI,,4,
ADI - MAN,23.003878,72.609278,5.669567,492/25,,,,ADI,,4,
ADI - MAN,23.003281,72.609554,4.528923,492/23,,,,ADI,,4,
ADI - MAN,23.00268,72.609774,4.249329,492/21,,BWA,,ADI,,4,
ADI - MAN,23.00213,72.610053,6.174335,492/19,,IOL SM- 165,,ADI,,4,
ADI - MAN,23.001502,72.610293,4.381298,492/17,S-492 15,IOL ,,ADI,,4,
ADI - MAN,23.000922,72.610596,1.966297,492/15,,BWA,,ADI,,4,
ADI - MAN,23.000338,72.610843,0.4742088,492/13,MAN ROB MAN PL-2,,,ADI,,4,
ADI - MAN,22.999719,72.611132,1.362061,492/11,MAN PL-2,,,ADI,,4,
ADI - MAN,22.99931,72.611411,2.621349,492/09,MAN PL-2,,,ADI,,4,
ADI - MAN,22.998544,72.61165,4.929047,492/07,MAN PL-2 FOB,,,ADI,,4,
ADI - MAN,22.998222,72.611803,-2.269634,492/05,MAN PL-2 FOB,,,ADI,,4,
ADI - MAN,22.99777,72.612049,-2.18655,492/03,MAN PL-2 ,,,ADI,,4,
ADI - MAN,22.997316,72.612235,-1.901085,492/01,MAN PL-2 ,,,ADI,,4,
MAN - VTA,22.996689,72.612545,2.651722,491/27,MAN PL-2,ACA,,ADI,,4,
MAN - VTA,22.996212,72.612758,2.204781,491/25,S- A49123,ACC,,ADI,,4,
MAN - VTA,22.995596,72.613003,-2.036621,491/23,,ACA,,ADI,,4,
MAN - VTA,22.995223,72.613209,0.3137169,491/21A,LC- 308,,,ADI,,4,
MAN - VTA,22.994729,72.613365,-1.618706,491/ 21,,,,ADI,,4,
MAN - VTA,22.994391,72.613518,2.478764,491/19,,LC - AT,,ADI,,4,
MAN - VTA,22.993823,72.613783,-1.294155,491/17,,,,ADI,,4,
MAN - VTA,22.993229,72.614058,-2.209946,491/15,,,,ADI,,4,
MAN - VTA,22.992619,72.614397,0.6131516,491/13,,,,ADI,,4,
MAN - VTA,22.992013,72.614655,0.580719,491/11,,FTA,,ADI,,4,
MAN - VTA,22.991394,72.614877,-4.901257,491/09,,UIOL,,ADI,,4,
MAN - VTA,22.990799,72.615162,-2.435146,491/07,,UIOL,,ADI,,4,
MAN - VTA,22.990197,72.615469,2.782585,491/05,,BWA,,ADI,,4,
MAN - VTA,22.989615,72.61572,2.124783,491/03,S- A 49101,,,ADI,,4,
MAN - VTA,22.988992,72.615993,1.929157,491/01,,,,ADI,,4,
MAN - VTA,22.988398,72.616261,0.2154007,490/29,,,,ADI,,4,
MAN - VTA,22.987941,72.616464,4.698654,490/27 A,DAXINI ROB,,,ADI,,4,
MAN - VTA,22.987634,72.616557,-2.477673,490/ 27 ,,BWA,,ADI,,4,
MAN - VTA,22.987191,72.616794,-1.703529,490/25,,UIOL,,ADI,,4,
MAN - VTA,22.986581,72.61704,1.862267,490/23,CANAL,UIOL,,ADI,,4,
MAN - VTA,22.986035,72.617292,-3.358425,490/21,,BWA,,ADI,,4,
MAN - VTA,22.985455,72.617544,-2.003227,490/19,,,,ADI,,4,
MAN - VTA,22.984863,72.617812,-3.222446,490/ 17 ,,,,ADI,,4,
MAN - VTA,22.984237,72.618075,3.714668,490/ 15 ,S-A49013,,,ADI,,4,
MAN - VTA,22.983658,72.618368,7.348297,490/ 13,,,,ADI,,4,
MAN - VTA,22.983055,72.618637,12.06726,490/ 11,,,,ADI,,4,
MAN - VTA,22.982455,72.618901,6.110844,490/ 09,,ACA,,ADI,,4,
MAN - VTA,22.981861,72.619173,9.579781,490/ 07,CADILA ROB,ACC,,ADI,,4,
MAN - VTA,22.981676,72.619245,4.187729,490/ 05 ,CADILA ROB,ACA,,ADI,,4,
MAN - VTA,22.981675,72.619252,3.574692,490/05 A,CADILA ROB,ACA,,ADI,,4,
MAN - VTA,22.98064,72.619621,3.218731,490/03,,,,ADI,,4,
MAN - VTA,22.980129,72.619946,4.050686,490/01,,,,ADI,,4,
MAN - VTA,22.979525,72.620187,6.823193,489/27,,,,ADI,,4,
MAN - VTA,22.978948,72.620491,7.328285,489/25,S-A48923,,,ADI,,4,
MAN - VTA,22.978298,72.620767,9.298954,489/23,,,,ADI,,4,
MAN - VTA,22.977689,72.621019,9.837383,489/21,LC-307,LC-AT,,ADI,,4,
MAN - VTA,22.977177,72.620891,3.174335,489/19,,BWA,,ADI,,4,
MAN - VTA,22.976571,72.62166,31.44369,489/17,,UNIOL,,ADI,,4,
MAN - VTA,22.975884,72.621761,23.7174,489/15,,UNIOL,,ADI,,4,
MAN - VTA,22.975366,72.622,19.25014,489/13,,BWA,,ADI,,4,
MAN - VTA,22.975383,72.621943,19.25255,489/11,,,,ADI,,4,
MAN - VTA,22.975383,72.621943,19.25255,489/09,,,,ADI,,4,
MAN - VTA,22.975383,72.621943,19.25255,489/07,,,,ADI,,4,
MAN - VTA,22.975383,72.621943,19.25255,489/05,,,,ADI,,4,
MAN - VTA,22.97236,72.623408,-1.850471,489/03,,,,ADI,,4,
MAN - VTA,22.971765,72.623677,1.184353,489/01,A48829,,,ADI,,4,
MAN - VTA,22.971114,72.62405,-6.035072,488/29,,ACA,,ADI,,4,
MAN - VTA,22.9706,72.624241,8.977985,488/27,,ACC,,ADI,,4,
MAN - VTA,22.969961,72.624447,14.9194,488/25,,ACA,,ADI,,4,
MAN - VTA,22.969424,72.624854,0.5707321,488/23,,PTFE,,ADI,,4,
MAN - VTA,22.968741,72.625053,-2.947285,488/21,,,,ADI,,4,
MAN - VTA,22.968128,72.625335,-4.899487,488/19,,,,ADI,,4,
MAN - VTA,22.967544,72.625617,-6.875443,488/17,,,,ADI,,4,
MAN - VTA,22.96696,72.625907,-13.57199,488/15,,,,ADI,,4,
MAN - VTA,22.966407,72.626102,-18.53545,488/13S,S 46,BWA,,ADI,,4,
MAN - VTA,22.965807,72.626386,-1.323284,488/11,,IOL,,ADI,,4,
MAN - VTA,22.965294,72.626611,-2.264851,488/09,,IOL,,ADI,,4,
MAN - VTA,22.964798,72.626826,0.4746284,488/5A,,BWA,,ADI,,4,
MAN - VTA,22.964413,72.62704,2.609402,488 / 5,X/O P NO- 134,BWA,,ADI,,4,
MAN - VTA,22.963868,72.627293,3.558048,488 / 3A,,,,ADI,,4,
MAN - VTA,22.96366,72.627414,-0.3478394,488/ 1,,,,ADI,,4,
MAN - VTA,22.963337,72.627577,-2.840229,487/29,SEJ,BWA,,ADI,,4,
MAN - VTA,22.962829,72.627799,-6.818031,487/27,,UNIOL,,ADI,,4,
MAN - VTA,22.962304,72.628058,-13.42853,487/25,VTA ROB,UNIOL,,ADI,,4,
MAN - VTA,22.961825,72.628342,-9.938843,487/23,,FTA,,ADI,,4,
MAN - VTA,22.96127,72.628614,-3.993217,487/21,,,,ADI,,4,
MAN - VTA,22.960661,72.62887,-4.901596,487/19,,,,ADI,,4,
MAN - VTA,22.96013,72.629125,-9.351147,487/17,,,,ADI,,4,
MAN - VTA,22.959449,72.629395,-9.704636,487/15,,ACA,,ADI,,4,
VTA - GER,22.958875,72.629703,2.437637,487/13,VTA PL.-1,ACC,,ADI,,4,
VTA - GER,22.958875,72.629703,2.437637,487/11,,ACA & FTA,,ADI,,4,
VTA - GER,22.958875,72.629703,2.437637,487/09,S-12 & SEJ,,,ADI,,4,
VTA - GER,22.958875,72.629703,2.437637,487/07,,X-OVER PT.116,,ADI,,4,
VTA - GER,22.958875,72.629703,2.437637,487/05,,,,ADI,,4,
VTA - GER,22.955843,72.630887,1.003714,487/03,,,,ADI,,4,
VTA - GER,22.955015,72.631392,8.50198,487/01,,BWA,,ADI,,4,
VTA - GER,22.954862,72.631417,7.979248,486/29,,IOL,,ADI,,4,
VTA - GER,22.954265,72.631664,10.13496,486/27,LC -305,IOL SM-159,,ADI,,4,
VTA - GER,22.953764,72.631981,9.600113,486/25,,BWA X-OVER109,,ADI,,4,
VTA - GER,22.9532,72.632301,3.248909,486/23,,,,ADI,,4,
VTA - GER,22.952632,72.632544,-0.2536278,486/21,POINT-122,BWA,,ADI,,4,
VTA - GER,22.952051,72.632828,1.571102,486/19,SEJ,,,ADI,,4,
VTA - GER,22.951445,72.63312,5.211266,486/17,,,,ADI,,4,
VTA - GER,22.950893,72.633387,16.28082,486/15,CURVE-7,,,ADI,,4,
VTA - GER,22.950244,72.633668,19.4668,486/13,CURVE-7,,,ADI,,4,
VTA - GER,22.949738,72.633938,22.53499,486/11,CURVE-7,ACA,,ADI,,4,
VTA - GER,22.949204,72.634233,21.39387,486/09,CURVE-7,ACC,,ADI,,4,
VTA - GER,22.948706,72.634534,21.33173,486/07,CURVE-7,ACA,,ADI,,4,
VTA - GER,22.948237,72.634816,19.41878,486/05,CURVE-7,,,ADI,,4,
VTA - GER,22.947762,72.635147,14.95142,486/03,CURVE-7 S-4860,,,ADI,,4,
VTA - GER,22.947258,72.635509,10.00755,486/01,CURVE-7 ,,,ADI,,4,
VTA - GER,22.946839,72.635792,7.59798,485/31,CURVE-7 ,,,ADI,,4,
VTA - GER,22.946387,72.636146,7.935448,485/29, ,,,ADI,,4,
VTA - GER,22.945903,72.636552,12.35564,485/27, CURVE-6,,,ADI,,4,
VTA - GER,22.945423,72.636905,17.34597,485/25, CURVE-6,,,ADI,,4,
VTA - GER,22.944987,72.637212,22.9733,485/23, CURVE-6,BWA,,ADI,,4,
VTA - GER,22.944488,72.637604,20.84969,485/21, CURVE-6 LC-301,UIOL,,ADI,,4,
VTA - GER,22.944053,72.637896,21.93026,485/19, CURVE-6 DIESAL SHED,UIOL,,ADI,,4,
VTA - GER,22.943634,72.6381,22.17298,485/17, CURVE-6 DIESAL SHED,BWA,,ADI,,4,
VTA - GER,22.943194,72.638381,24.80272,485/15, CURVE-6 DIESAL SHED,,,ADI,,4,
VTA - GER,22.942725,72.638504,24.11746,485/13, CURVE-6 DIESAL SHED,,,ADI,,4,
VTA - GER,22.942227,72.638715,25.66877,485/11, CURVE-6 DIESAL ,,,ADI,,4,
VTA - GER,22.941679,72.638931,27.23073,485/09, CURVE-6  ,,,ADI,,4,
VTA - GER,22.941014,72.639256,9.402451,485/07, ROB,,,ADI,,4,
VTA - GER,22.940628,72.639178,-5.755196,485/05, CURVE-5,,,ADI,,4,
VTA - GER,22.940035,72.639423,-9.631176,485/03, CURVE-5,,,ADI,,4,
VTA - GER,22.939491,72.639671,-8.040012,485/01, CURVE-5,,,ADI,,4,
VTA - GER,22.93896,72.639889,-7.418049,484/29, CURVE-5 S-48427,ACA ,,ADI,,4,
VTA - GER,22.938434,72.640163,-7.387661,484/27,,ACC AT,,ADI,,4,
VTA - GER,22.937923,72.640441,-10.14052,484/25,,ACA,,ADI,,4,
VTA - GER,22.937427,72.640721,-12.272,484/23,,,,ADI,,4,
VTA - GER,22.936853,72.641046,-10.48703,484/21,,,,ADI,,4,
VTA - GER,22.936276,72.641334,-11.28943,484/19,,,,ADI,,4,
VTA - GER,22.935699,72.641655,-6.966747,484/17,,,,ADI,,4,
VTA - GER,22.935148,72.641962,-7.438084,484/15,,,,ADI,,4,
VTA - GER,22.934577,72.642275,-7.996399,484/13,,,,ADI,,4,
VTA - GER,22.934039,72.642608,-7.933247,484/11,,BWA,,ADI,,4,
VTA - GER,22.933458,72.64288,-9.099396,484/09,,UIOL,,ADI,,4,
VTA - GER,22.932923,72.643135,-17.68617,484/07,,UIOL,,ADI,,4,
VTA - GER,22.932392,72.643529,-17.85468,484/05,,BWA,,ADI,,4,
VTA - GER,22.93185,72.643837,-16.40118,484/03,,,,ADI,,4,
VTA - GER,22.931307,72.644077,-17.37341,484/01,,,,ADI,,4,
VTA - GER,22.930747,72.644385,-17.10666,483/31,S-48329,,,ADI,,4,
VTA - GER,22.930173,72.644761,-16.59145,483/29,SEJ,,,ADI,,4,
VTA - GER,22.929664,72.64502,-9.268559,483/27,KHARI BRIDGE,,,ADI,,4,
VTA - GER,22.929202,72.645244,-6.504143,483/25,KHARI BRIDGE,,,ADI,,4,
VTA - GER,22.928644,72.645577,-10.40245,483/23,,ACA,,ADI,,4,
VTA - GER,22.928177,72.645866,-11.97949,483/21,SEJ,ACC,,ADI,,4,
VTA - GER,22.927719,72.646066,-14.66336,483/19,CURVE-3,ACA,,ADI,,4,
VTA - GER,22.927263,72.646354,-18.80969,483/17,CURVE-3,,,ADI,,4,
VTA - GER,22.926789,72.64671,-15.2787,483/15,CURVE-3,,,ADI,,4,
VTA - GER,22.926343,72.647014,-8.74958,483/13,CURVE-3,,,ADI,,4,
VTA - GER,22.925917,72.647335,-7.166573,483/11,CURVE-3,,,ADI,,4,
VTA - GER,22.925532,72.647683,-5.859745,483/09,CURVE-3,,,ADI,,4,
VTA - GER,22.925155,72.648038,-3.937042,483/07,CURVE-3,,,ADI,,4,
VTA - GER,22.924724,72.648413,-0.6464157,483/05,CURVE-3,BWA,,ADI,,4,
VTA - GER,22.924293,72.648855,-6.50489,483/03,,UIOL,,ADI,,4,
VTA - GER,22.923818,72.649312,-5.703293,483/01,,UIOL,,ADI,,4,
GER -  BJD,22.923364,72.649782,-16.34335,482/27,SEJ No 30,BWA,,BRC,,4,
GER -  BJD,22.922897,72.650254,-16.85868,482/25,,,,BRC,,4,
GER -  BJD,22.922447,72.650692,-17.19056,482/23,,,,BRC,,4,
GER -  BJD,22.92195,72.65118,-17.48147,482/21,S-46,,,BRC,,4,
GER -  BJD,22.921475,72.651652,-17.12728,482/19,,,,BRC,,4,
GER -  BJD,22.921006,72.652114,-17.31086,482/17,,,,BRC,,4,
GER -  BJD,22.920531,72.652582,-17.55146,482/15,,ACA,,BRC,,4,
GER -  BJD,22.920048,72.653065,-17.93619,482/13,,ACC,,BRC,,4,
GER -  BJD,22.919561,72.653546,-18.32726,482/11,,ACA,,BRC,,4,
GER -  BJD,22.919086,72.654016,-18.13267,482/09,,,,BRC,,4,
GER -  BJD,22.918588,72.6545,-18.0862,482/07,LC No 300,,,BRC,,4,
GER -  BJD,22.918116,72.654971,-17.72262,482/05,GER PF,,,BRC,,4,
GER -  BJD,22.917638,72.655438,-17.58859,482/03,GER PF FOB & Curve -7,,,BRC,,4,
GER -  BJD,22.917195,72.655876,-16.49703,482/01,GER PF FOB & Curve -7,AT,,BRC,,4,
GER -  BJD,22.916744,72.65629,-17.08634,481/29,GER PF& Curve -7,FTA,,BRC,,4,
GER -  BJD,22.916312,72.656676,-16.83469,481/27,GER PF& Curve -7,SM 157 & IOL,,BRC,,4,
GER -  BJD,22.915847,72.657074,-17.06621,481/25,SEJ -29 ,SM 157 - IOL,,BRC,,4,
GER -  BJD,22.915434,72.657434,-16.07573,481/23,,T-O No 103 & BWA,,BRC,,4,
GER -  BJD,22.914955,72.657837,-16.72112,481/21,Curve No 6,,,BRC,,4,
GER -  BJD,22.914524,72.65821,-17.11106,481/19,SEJ -28 & Curve No 6,BWA,,BRC,,4,
GER -  BJD,22.914104,72.658597,-17.38578,481/17,Curve No 6,BWA,,BRC,,4,
GER -  BJD,22.913658,72.659024,-16.82288,481/15,Curve No 6,UIOL,,BRC,,4,
GER -  BJD,22.913173,72.659491,-18.28723,481/13,,BWA,,BRC,,4,
GER -  BJD,22.912684,72.659967,-18.94412,481/11,,,,BRC,,4,
GER -  BJD,22.912183,72.660458,-18.86007,481/09,,,,BRC,,4,
GER -  BJD,22.911733,72.660906,-18.8084,481/07,,,,BRC,,4,
GER -  BJD,22.911226,72.661408,-18.76671,481/05,,,,BRC,,4,
GER -  BJD,22.910766,72.661866,-18.71687,481/03,,,,BRC,,4,
GER -  BJD,22.910266,72.662357,-19.37699,481/01,,ACA,,BRC,,4,
GER -  BJD,22.909793,72.662824,-19.52472,480/27,,ACC,,BRC,,4,
GER -  BJD,22.909308,72.663303,-19.76236,480/25,,ACA,,BRC,,4,
GER -  BJD,22.908811,72.663784,-20.02728,480/23,S-48021,,,BRC,,4,
GER -  BJD,22.908349,72.664254,-19.10069,480/21,,,,BRC,,4,
GER -  BJD,22.907914,72.664684,-19.82851,480/19,,,,BRC,,4,
GER -  BJD,22.907454,72.665137,-19.1067,480/17,,,,BRC,,4,
GER -  BJD,22.906978,72.665609,-19.09391,480/15,,,,BRC,,4,
GER -  BJD,22.906499,72.666085,-19.24237,480/13,,,,BRC,,4,
GER -  BJD,22.906022,72.666563,-18.93277,480/11,,BWA,,BRC,,4,
GER -  BJD,22.90553,72.667046,-18.70265,480/09,,UIOL,,BRC,,4,
GER -  BJD,22.905057,72.667518,-18.94915,480/07,,UIOL,,BRC,,4,
GER -  BJD,22.90458,72.667972,-19.80485,480/05,,BWA,,BRC,,4,
GER -  BJD,22.904113,72.668446,-19.9992,480/03,,,,BRC,,4,
GER -  BJD,22.90362,72.66893,-20.4401,480/01,,ACA,,BRC,,4,
GER -  BJD,22.903131,72.669411,-20.5033,479/31,,ACC,,BRC,,4,
GER -  BJD,22.902648,72.669892,-19.90427,479/29,,ACA,,BRC,,4,
GER -  BJD,22.902181,72.67035,-20.04562,479/27,S-46,,,BRC,,4,
GER -  BJD,22.901703,72.670819,-20.62094,479/25,,,,BRC,,4,
GER -  BJD,22.901214,72.671301,-20.2856,479/23,,BWA,,BRC,,4,
GER -  BJD,22.900791,72.671721,-20.26345,479/21,SEJ No 27,BWA & UIOL,,BRC,,4,
GER -  BJD,22.900379,72.672124,-20.78566,479/19,,X-O No 124 & IOL BJD/SSP,,BRC,,4,
GER -  BJD,22.899976,72.672524,-21.42402,479/17,SEJ No 26, IOL BJD/SSP,,BRC,,4,
GER -  BJD,22.899685,72.672807,-21.46387,479/15,SEJ No 26,BWA,,BRC,,4,
GER -  BJD,22.899315,72.673168,-21.18621,479/13,,,,BRC,,4,
GER -  BJD,22.898841,72.673633,-21.12118,479/11,,,,BRC,,4,
GER -  BJD,22.898481,72.673982,-20.93156,479/09,,,,BRC,,4,
GER -  BJD,22.898218,72.674242,-21.27095,479/07,,,,BRC,,4,
GER -  BJD,22.897909,72.674553,-21.61528,479/05,,,,BRC,,4,
GER -  BJD,22.897503,72.674955,-21.27723,479/03,,,,BRC,,4,
GER -  BJD,22.897016,72.675429,-20.95991,479/01,,ACA,,BRC,,4,
GER -  BJD,22.896586,72.675857,-21.692,478/33,,ACC,,BRC,,4,
GER -  BJD,22.896215,72.676223,-22.46592,478/31,LC No 299,ACA,,BRC,,4,
GER -  BJD,22.895805,72.676612,-21.16901,478/29,BJD FOB,,,BRC,,4,
GER -  BJD,22.895476,72.676904,-27.86495,478/27,BJD PF,,,BRC,,4,
GER -  BJD,22.895016,72.67735,-30.66602,478/25,BJD PF,,,BRC,,4,
GER -  BJD,22.894521,72.677849,-35.68046,478/23,BJD PF,AT,,BRC,,4,
GER -  BJD,22.894021,72.678331,-37.52685,478/21,BJD PF & S-12,BWA,,BRC,,4,
GER -  BJD,22.89356,72.678804,-31.81176,478/19,SEJ No 25,UIOL,,BRC,,4,
BJD - KANJ,22.893614,72.678839,-10.75043,478/19,,UIOL,,BRC,,4,
BJD - KANJ,22.893331,72.679113,-10.8462,478/17A,,T-O No 112,,BRC,,4,
BJD - KANJ,22.89302,72.67942,-14.02329,478/17,SEJ,BWA,,BRC,,4,
BJD - KANJ,22.892756,72.679684,-12.35764,478/15,SEJ,,,BRC,,4,
BJD - KANJ,22.892401,72.680034,-13.63279,478/13,,SM- 155  & IOL,,BRC,,4,
BJD - KANJ,22.892029,72.680398,-11.94642,478/11,SEJ,SM- 155 - IOL,,BRC,,4,
BJD - KANJ,22.89166,72.680759,-10.83867,478/09,,X-O 107 & BWA,,BRC,,4,
BJD - KANJ,22.891261,72.68115,-11.76991,478/05,SEJ No 24,UIOL,,BRC,,4,
BJD - KANJ,22.890877,72.681513,-11.8667,478/03,,BWA,,BRC,,4,
BJD - KANJ,22.890452,72.681931,-11.43109,478/01,,,,BRC,,4,
BJD - KANJ,22.89,72.682375,-11.54162,477/31,,ACA,,BRC,,4,
BJD - KANJ,22.889589,72.682791,-10.54096,477/29,,ACC,,BRC,,4,
BJD - KANJ,22.88917,72.683211,-9.746407,477/27,,ACA,,BRC,,4,
BJD - KANJ,22.888776,72.683605,-11.22651,477/25,,BWA,,BRC,,4,
BJD - KANJ,22.888306,72.684062,-12.12749,477/23,,UIOL,,BRC,,4,
BJD - KANJ,22.887853,72.684512,-12.26487,477/21,,UIOL,,BRC,,4,
BJD - KANJ,22.887403,72.68496,-13.79048,477/19,,FTA,,BRC,,4,
BJD - KANJ,22.886949,72.685413,-14.56229,477/17,S-4,,,BRC,,4,
BJD - KANJ,22.886543,72.685818,-14.87128,477/15,SEJ -23,,,BRC,,4,
BJD - KANJ,22.886169,72.686194,-15.37438,477/13,,T-O No 103,,BRC,,4,
BJD - KANJ,22.885862,72.686498,-15.7783,477/11,SEJ-22,UIOL,,BRC,,4,
BJD - KANJ,22.88555,72.686809,-15.50895,477/09,SEJ-22,BWA,,BRC,,4,
BJD - KANJ,22.88517,72.687188,-15.64835,477/07,,,,BRC,,4,
BJD - KANJ,22.884812,72.687531,-16.39886,477/05,,,,BRC,,4,
BJD - KANJ,22.884379,72.687955,-16.47172,477/03,,ACA,,BRC,,4,
BJD - KANJ,22.883892,72.688435,-16.97338,477/01,,ACC,,BRC,,4,
BJD - KANJ,22.883424,72.6889,-16.64176,476/29,,ACA,,BRC,,4,
BJD - KANJ,22.88296,72.689367,-16.61265,476/27,,,,BRC,,4,
BJD - KANJ,22.882486,72.689838,-16.87345,476/25,,,,BRC,,4,
BJD - KANJ,22.882023,72.690291,-16.83775,476/23,,,,BRC,,4,
BJD - KANJ,22.881568,72.690736,-16.35679,476/21,,,,BRC,,4,
BJD - KANJ,22.88111,72.691194,-16.23876,476/19,S-47617,,,BRC,,4,
BJD - KANJ,22.88068,72.69162,-15.90872,476/17,,,,BRC,,4,
BJD - KANJ,22.880315,72.691987,-15.60321,476/15,,BWA,,BRC,,4,
BJD - KANJ,22.879843,72.692456,-15.53048,476/13,,UIOL,,BRC,,4,
BJD - KANJ,22.879358,72.69293,-16.04663,476/11,,UIOL,,BRC,,4,
BJD - KANJ,22.878886,72.693395,-16.04385,476/09,,BWA,,BRC,,4,
BJD - KANJ,22.878423,72.693858,-15.64141,476/07,,,,BRC,,4,
BJD - KANJ,22.87793,72.694349,-15.35583,476/05,,,,BRC,,4,
BJD - KANJ,22.877464,72.694807,-14.73646,476/03,,,,BRC,,4,
BJD - KANJ,22.876983,72.695275,-14.57373,476/01,LC No 297,,,BRC,,4,
BJD - KANJ,22.876494,72.695747,-16.17815,475/31,LC No 297,,,BRC,,4,
BJD - KANJ,22.876019,72.696219,-15.95741,475/29,,ACA,,BRC,,4,
BJD - KANJ,22.875521,72.696703,-16.24455,475/27,,ACC,,BRC,,4,
BJD - KANJ,22.875063,72.69716,-16.11885,475/25,,ACA,,BRC,,4,
BJD - KANJ,22.87469,72.697532,-15.78469,475/23A,,,,BRC,,4,
BJD - KANJ,22.874396,72.697822,-16.85999,475/23,,,,BRC,,4,
BJD - KANJ,22.874078,72.698138,-18.26886,475/21,S-46,,,BRC,,4,
BJD - KANJ,22.873627,72.698594,-15.91161,475/19,,,,BRC,,4,
BJD - KANJ,22.873143,72.699068,-15.34166,475/17,,BWA,,BRC,,4,
BJD - KANJ,22.872721,72.699503,-14.55138,475/15,SEJ - 21,UIOL,,BRC,,4,
BJD - KANJ,22.872343,72.699877,-14.56513,475/13,,X-O No 120 & BWA,,BRC,,4,
BJD - KANJ,22.871998,72.700239,-12.77865,475/11,SEJ No 20,UIOL,,BRC,,4,
BJD - KANJ,22.871655,72.700575,-9.556618,475/09,SEJ No 20,UIOL & Splice,,BRC,,4,
BJD - KANJ,22.871303,72.700911,-9.390419,475/07,LC No 296,BWA,,BRC,,4,
BJD - KANJ,22.870975,72.701242,-9.644218,475/05,LC No 296,BWA,,BRC,,4,
BJD - KANJ,22.87058,72.70162,-9.847946,475/03,SEJ - 19,UIOL,,BRC,,4,
BJD - KANJ,22.870271,72.701916,-10.97595,475/01,SEJ - 19,T-O No 118,,BRC,,4,
BJD - KANJ,22.869855,72.702339,-11.62558,474/29,SEJ - 20,,,BRC,,4,
BJD - KANJ,22.869467,72.702716,-11.05707,474/27,SEJ - 20,,,BRC,,4,
BJD - KANJ,22.868977,72.7032,-8.434502,474/25,,,,BRC,,4,
BJD - KANJ,22.86847,72.703685,-16.84959,474/23,,ACA,,BRC,,4,
BJD - KANJ,22.868001,72.704145,-16.41898,474/21,,ACC,,BRC,,4,
BJD - KANJ,22.867566,72.704576,-15.66328,474/19,,ACA,,BRC,,4,
BJD - KANJ,22.86705,72.705093,-15.31248,474/17,KANJ PF,,,BRC,,4,
BJD - KANJ,22.866585,72.705535,-16.58585,474/15,KANJ PF,ACA,,BRC,,4,
BJD - KANJ,22.866122,72.705983,-15.3399,474/13,KANJ PF,,,BRC,,4,
BJD - KANJ,22.865648,72.706463,-13.90435,474/11,KANJ PF,,,BRC,,4,
BJD - KANJ,22.865179,72.706938,-14.02396,474/09,SEJ - 19,AT,,BRC,,4,
KANJ - MHD,22.86477,72.70734,-12.09091,474/07,SEJ No 19,,,BRC,,4,
KANJ - MHD,22.86442,72.707698,-13.25047,474/05A,,T-O No 107,,BRC,,4,
KANJ - MHD,22.864057,72.70805,-13.02382,474/03A,SEJ,UIOL,,BRC,,4,
KANJ - MHD,22.8637,72.708405,-12.83162,474/01,SEJ & LC No 295,IOL  SM-152 & BWA,,BRC,,4,
KANJ - MHD,22.863259,72.708845,-11.29701,473/33,SEJ & LC No 295,SM-152 & IOL,,BRC,,4,
KANJ - MHD,22.86284,72.709245,-11.00283,473/31,,X-O No 101 & BWA,,BRC,,4,
KANJ - MHD,22.862843,72.709264,-9.673225,473/29,,X-O No 101 & BWA,,BRC,,4,
KANJ - MHD,22.862404,72.709688,-9.58181,473/27,SEJ-18,UIOL,,BRC,,4,
KANJ - MHD,22.861999,72.710072,-9.516537,473/25,SEJ-18,BWA,,BRC,,4,
KANJ - MHD,22.861633,72.710439,-10.57795,473/23,S-47321,,,BRC,,4,
KANJ - MHD,22.861208,72.710865,-10.70995,473/21,,ACA,,BRC,,4,
KANJ - MHD,22.860739,72.711346,-9.390564,473/19,,ACC,,BRC,,4,
KANJ - MHD,22.86027,72.711823,-9.630215,473/17,,ACA,,BRC,,4,
KANJ - MHD,22.859783,72.712301,-11.15287,473/15,,BWA,,BRC,,4,
KANJ - MHD,22.859373,72.712702,-11.06906,473/13,,UIOL,,BRC,,4,
KANJ - MHD,22.858932,72.713141,-11.422,473/11,,UIOL,,BRC,,4,
KANJ - MHD,22.858432,72.713632,-11.33427,473/09,SEJ,BWA,,BRC,,4,
KANJ - MHD,22.858051,72.714008,-10.40121,473/07,SEJ-17 & MESHWA,,,BRC,,4,
KANJ - MHD,22.85771,72.714348,-9.859924,473/05, MESHWA,,,BRC,,4,
KANJ - MHD,22.857348,72.714703,-10.80915,473/03, MESHWA,,,BRC,,4,
KANJ - MHD,22.857079,72.71496,-11.02975,473/01, MESHWA,,,BRC,,4,
KANJ - MHD,22.856705,72.715327,-10.97913,472/29, MESHWA,,,BRC,,4,
KANJ - MHD,22.856311,72.715724,-11.36325,472/27,SEJ - 16,,,BRC,,4,
KANJ - MHD,22.855963,72.716064,-12.71255,472/25,SEJ - 16,,,BRC,,4,
KANJ - MHD,22.855555,72.716465,-13.14258,472/23,,,,BRC,,4,
KANJ - MHD,22.855126,72.716879,-13.69688,472/21,,ACA,,BRC,,4,
KANJ - MHD,22.854658,72.717342,-13.75964,472/19,,ACC,,BRC,,4,
KANJ - MHD,22.854186,72.717817,-14.22348,472/17,,ACA,,BRC,,4,
KANJ - MHD,22.853695,72.7183,-14.09335,472/15,,,,BRC,,4,
KANJ - MHD,22.853216,72.718774,-14.944,472/13,,,,BRC,,4,
KANJ - MHD,22.852753,72.719248,-14.41088,472/11,,Coasting,,BRC,,4,
KANJ - MHD,22.852277,72.71972,-14.39707,472/09,,,,BRC,,4,
KANJ - MHD,22.851789,72.720201,-13.37667,472/07,,,,BRC,,4,
KANJ - MHD,22.851312,72.720682,-12.61093,472/05,,,,BRC,,4,
KANJ - MHD,22.850814,72.721171,-11.65549,472/03,S-47201,BWA,,BRC,,4,
KANJ - MHD,22.850428,72.72155,-11.36263,472/01,,UIOL  BT,,BRC,,4,
KANJ - MHD,22.84995,72.722036,-13.31644,471/27,,UIOL  BT,,BRC,,4,
KANJ - MHD,22.849483,72.722494,-14.27554,471/25,,BWA,,BRC,,4,
KANJ - MHD,22.848982,72.722982,-14.42138,471/23,,,,BRC,,4,
KANJ - MHD,22.848512,72.723446,-14.47665,471/21,,,,BRC,,4,
KANJ - MHD,22.848031,72.723912,-15.13752,471/19,LC No 294,,,BRC,,4,
KANJ - MHD,22.847528,72.7244,-14.83668,471/17,LC No 294,,,BRC,,4,
KANJ - MHD,22.847082,72.724829,-13.81495,471/15,,,,BRC,,4,
KANJ - MHD,22.846601,72.72531,-13.64694,471/13,,ACA,,BRC,,4,
KANJ - MHD,22.846175,72.725739,-14.38198,471/11,NEP,ACC,,BRC,,4,
KANJ - MHD,22.845719,72.726199,-14.7334,471/09,NEP,ACA,,BRC,,4,
KANJ - MHD,22.845236,72.726679,-15.45192,471/07,NEP,,,BRC,,4,
KANJ - MHD,22.844751,72.727163,-15.87247,471/05,NEP,,,BRC,,4,
KANJ - MHD,22.844258,72.727647,-12.08771,471/03,NEP,,,BRC,,4,
KANJ - MHD,22.843779,72.728111,-9.857338,471/01,,AT,,BRC,,4,
KANJ - MHD,22.843314,72.728575,-9.964619,470/27,S-47025,,,BRC,,4,
KANJ - MHD,22.842813,72.729061,-9.481388,470/25,,,,BRC,,4,
KANJ - MHD,22.842352,72.729523,-10.05429,470/23,,BWA,,BRC,,4,
KANJ - MHD,22.841885,72.729992,-10.5962,470/21,,UIOL,,BRC,,4,
KANJ - MHD,22.841386,72.730479,-12.15892,470/19,,UIOL,,BRC,,4,
KANJ - MHD,22.840918,72.73095,-12.64087,470/17,,BWA,,BRC,,4,
KANJ - MHD,22.840442,72.731407,-12.03072,470/15,,,,BRC,,4,
KANJ - MHD,22.839961,72.731874,-11.63303,470/13,,,,BRC,,4,
KANJ - MHD,22.839483,72.732341,-11.83714,470/11,,,,BRC,,4,
KANJ - MHD,22.839004,72.732823,-12.9016,470/09,,,,BRC,,4,
KANJ - MHD,22.838504,72.733324,-13.52508,470/07,,,,BRC,,4,
KANJ - MHD,22.838042,72.733778,-13.07071,470/05,,,,BRC,,4,
KANJ - MHD,22.837989,72.733828,-12.72003,470/03,,ACA,,BRC,,4,
KANJ - MHD,22.837019,72.734773,-16.35875,470/01,,ACC,,BRC,,4,
KANJ - MHD,22.836661,72.735111,-14.99237,469/35,Curve No 13,ACA,,BRC,,4,
KANJ - MHD,22.836337,72.735432,-13.85865,469/33,Curve No 13 & S-46931,,,BRC,,4,
KANJ - MHD,22.836001,72.735763,-13.75245,469/31,Curve No 13 ,,,BRC,,4,
KANJ - MHD,22.835658,72.736095,-13.9997,469/29,Curve No 13 ,,,BRC,,4,
KANJ - MHD,22.835245,72.73644,-14.34489,469/27,Curve No 13 ,,,BRC,,4,
KANJ - MHD,22.834896,72.736734,-13.27637,469/25,Curve No 12 & LC-293,,,BRC,,4,
KANJ - MHD,22.834492,72.737044,-22.88289,469/23,Curve No 12 & LC-293,,,BRC,,4,
KANJ - MHD,22.834078,72.737412,-24.50422,469/21,Curve No 12 ,,,BRC,,4,
KANJ - MHD,22.83364,72.737842,-24.6529,469/19,Curve No 12 ,,,BRC,,4,
KANJ - MHD,22.833197,72.738284,-25.23989,469/17,,BWA,,BRC,,4,
KANJ - MHD,22.832733,72.738734,-25.30439,469/15,,UIOL,,BRC,,4,
KANJ - MHD,22.832304,72.739161,-25.19734,469/13,,UIOL,,BRC,,4,
KANJ - MHD,22.831838,72.739627,-25.33116,469/11,VATRAK -695,BWA,,BRC,,4,
KANJ - MHD,22.831443,72.740017,-25.4552,469/09,VATRAK -695,,,BRC,,4,
KANJ - MHD,22.831006,72.740446,-25.46637,469/07,VATRAK -695,,,BRC,,4,
KANJ - MHD,22.830535,72.740909,-24.95832,469/05,VATRAK -695,,,BRC,,4,
KANJ - MHD,22.830104,72.741332,-24.98343,469/01,VATRAK -695,,,BRC,,4,
KANJ - MHD,22.829732,72.7417,-25.15713,468/31,VATRAK -695,,,BRC,,4,
KANJ - MHD,22.829319,72.742108,-25.61396,468/29,,,,BRC,,4,
KANJ - MHD,22.82885,72.742572,-25.82782,468/27,,ACA,,BRC,,4,
KANJ - MHD,22.828426,72.742995,-26.10656,468/25,,ACC,,BRC,,4,
KANJ - MHD,22.827947,72.743467,-26.41512,468/23,,ACA,,BRC,,4,
KANJ - MHD,22.827539,72.743874,-27.1831,468/21,Curve No 11,,,BRC,,4,
KANJ - MHD,22.827126,72.744281,-27.40841,468/19,Curve No 11,,,BRC,,4,
KANJ - MHD,22.826779,72.744641,-27.63538,468/17,Curve No 11,,,BRC,,4,
KANJ - MHD,22.826435,72.745022,-28.00008,468/15,Curve No 11,,,BRC,,4,
KANJ - MHD,22.826094,72.745422,-28.57587,468/13,Curve No 10,,,BRC,,4,
KANJ - MHD,22.825715,72.745859,-29.08002,468/11,Curve No 10 & S-46,,,BRC,,4,
KANJ - MHD,22.825351,72.746271,-29.43521,468/09,Curve No 10 ,,,BRC,,4,
KANJ - MHD,22.825014,72.746622,-29.55,468/07,Curve No 10 ,BWA,,BRC,,4,
KANJ - MHD,22.824548,72.74708,-28.6966,468/05,,SM-148 & IOL,,BRC,,4,
KANJ - MHD,22.824117,72.747503,-29.03708,468/03,SEJ,SM-148 - IOL,,BRC,,4,
KANJ - MHD,22.823785,72.747837,-29.09185,468/03A,LC No 292,X-O No 119 & BWA,,BRC,,4,
KANJ - MHD,22.823498,72.7481,-29.53376,468/01,LC No 292,UIOL & BWA,,BRC,,4,
KANJ - MHD,22.823293,72.748304,-29.02647,467/31,,T-O No 118,,BRC,,4,
KANJ - MHD,22.822888,72.748716,-28.71272,467/29,SEJ 12,,,BRC,,4,
KANJ - MHD,22.822626,72.748974,-28.03796,467/27,SEJ 12,,,BRC,,4,
KANJ - MHD,22.822209,72.749372,-28.25132,467/25,,,,BRC,,4,
KANJ - MHD,22.821745,72.749831,-28.23779,467/23,,AT,,BRC,,4,
KANJ - MHD,22.821335,72.750232,-28.24041,467/21,MHD,ACA,,BRC,,4,
KANJ - MHD,22.820901,72.750668,-28.47273,467/19,MHD,ACC,,BRC,,4,
KANJ - MHD,22.820436,72.751117,-29.71947,467/17,MHD,ACA,,BRC,,4,
KANJ - MHD,22.820001,72.751545,-29.98155,467/15,MHD,,,BRC,,4,
KANJ - MHD,22.819642,72.751904,-29.87884,467/13,MHD FOB,,,BRC,,4,
KANJ - MHD,22.819306,72.752236,-29.55659,467/11,MHD FOB,,,BRC,,4,
KANJ - MHD,22.818878,72.752643,-28.34837,467/09,MHD ASM,,,BRC,,4,
KANJ - MHD,22.818401,72.753117,-27.415,467/07,MHD ,,,BRC,,4,
KANJ - MHD,22.817961,72.753558,-29.39771,467/05,MHD ,FTA,,BRC,,4,
KANJ - MHD,22.817532,72.753989,-29.09437,467/03,S-12 & SEJ-11,,,BRC,,4,
KANJ - MHD,22.817058,72.754436,-29.29168,467/01,Curve No 9,T-O No 107,,BRC,,4,
KANJ - MHD,22.816613,72.754846,-28.6649,466/35,Curve No 9,BWA & UIOL,,BRC,,4,
KANJ - MHD,22.816233,72.755209,-28.81701,466/33,Curve No 9,BWA & UIOL,,BRC,,4,
KANJ - MHD,22.815842,72.755574,-28.22664,466/31,Curve No 9,X-O No 102,,BRC,,4,
MHD - GTE,22.815481,72.755902,-27.5575,466/27,SEJ No 10,,,BRC,,4,
MHD - GTE,22.815192,72.756169,-28.10273,466/25,SEJ No 10 & ROB,,,BRC,,4,
MHD - GTE,22.814917,72.756388,-29.80531,466/23,ROB,,,BRC,,4,
MHD - GTE,22.814418,72.756812,-28.79047,466/21,LC No 290,FTA,,BRC,,4,
MHD - GTE,22.813934,72.757214,-28.09331,466/19,LC No 290,MHD/FP IOL,,BRC,,4,
MHD - GTE,22.813478,72.757596,-28.01905,466/17,,MHD/FP IOL & SM001,,BRC,,4,
MHD - GTE,22.813028,72.757964,-27.95367,466/15,,BWA,,BRC,,4,
MHD - GTE,22.812581,72.758333,-27.32495,466/13,,,,BRC,,4,
MHD - GTE,22.812182,72.758669,-27.59475,466/11,,,,BRC,,4,
MHD - GTE,22.811784,72.759,-28.18892,466/09,,,,BRC,,4,
MHD - GTE,22.811342,72.759361,-28.13818,466/07,,,,BRC,,4,
MHD - GTE,22.81084,72.759778,-27.97586,466/05,S-46603,,,BRC,,4,
MHD - GTE,22.810311,72.76022,-28.23541,466/03,,BWA,,BRC,,4,
MHD - GTE,22.809795,72.760648,-28.81264,466/01,,UIOL,,BRC,,4,
MHD - GTE,22.809299,72.761059,-29.73427,465/27,,UIOL,,BRC,,4,
MHD - GTE,22.808789,72.761479,-30.27515,465/25,LC -289,BWA,,BRC,,4,
MHD - GTE,22.808257,72.761924,-30.03543,465/23,LC -289,,,BRC,,4,
MHD - GTE,22.807766,72.76233,-29.26808,465/21,,,,BRC,,4,
MHD - GTE,22.807234,72.762775,-29.83516,465/19,,,,BRC,,4,
MHD - GTE,22.806737,72.763187,-29.15153,465/17,,,,BRC,,4,
MHD - GTE,22.806228,72.76361,-29.09524,465/15,,,,BRC,,4,
MHD - GTE,22.805686,72.764062,-29.61071,465/13,,,,BRC,,4,
MHD - GTE,22.805182,72.764479,-29.77042,465/11,,ACA,,BRC,,4,
MHD - GTE,22.804677,72.764904,-29.55021,465/09,,ACC,,BRC,,4,
MHD - GTE,22.804172,72.765324,-30.28046,465/07,,ACA,,BRC,,4,
MHD - GTE,22.803634,72.765767,-29.86959,465/05,,,,BRC,,4,
MHD - GTE,22.80313,72.766182,-29.72205,465/03,S-46501,,,BRC,,4,
MHD - GTE,22.802618,72.766604,-29.45889,465/01,,,,BRC,,4,
MHD - GTE,22.802117,72.76702,-29.52092,464/27,LC - 288,,,BRC,,4,
MHD - GTE,22.801599,72.767453,-29.6341,464/25,LC - 288,,,BRC,,4,
MHD - GTE,22.801087,72.767879,-29.66023,464/23,,,,BRC,,4,
MHD - GTE,22.800594,72.768287,-29.39121,464/21,,BWA,,BRC,,4,
MHD - GTE,22.800056,72.768733,-28.93685,464/19,,UIOL,,BRC,,4,
MHD - GTE,22.799552,72.76915,-28.76747,464/17,,UIOL,,BRC,,4,
MHD - GTE,22.799028,72.769589,-28.90787,464/15,,BWA,,BRC,,4,
MHD - GTE,22.798524,72.770007,-28.95231,464/13,,,,BRC,,4,
MHD - GTE,22.798013,72.770433,-28.91637,464/11,LC - 287,,,BRC,,4,
MHD - GTE,22.797501,72.770852,-28.22193,464/09,LC - 287,,,BRC,,4,
MHD - GTE,22.796957,72.771304,-28.31461,464/07,,,,BRC,,4,
MHD - GTE,22.796466,72.771714,-28.23263,464/05,,,,BRC,,4,
MHD - GTE,22.795948,72.772149,-28.09413,464/03,,ACA,,BRC,,4,
MHD - GTE,22.795422,72.77259,-28.38659,464/01,,ACC,,BRC,,4,
MHD - GTE,22.794944,72.772991,-28.50582,463/27,,ACA,,BRC,,4,
MHD - GTE,22.794423,72.77342,-28.06808,463/25,,,,BRC,,4,
MHD - GTE,22.793908,72.773847,-28.43835,463/23,,,,BRC,,4,
MHD - GTE,22.793419,72.774251,-28.6148,463/21,,,,BRC,,4,
MHD - GTE,22.792876,72.774703,-29.00509,463/19,S-46317,,,BRC,,4,
MHD - GTE,22.792377,72.775114,-28.30712,463/17,,,,BRC,,4,
MHD - GTE,22.79186,72.775544,-28.05237,463/15,LC - 286,,,BRC,,4,
MHD - GTE,22.791347,72.775968,-28.14536,463/13,LC - 286,AT & BWA,,BRC,,4,
MHD - GTE,22.790817,72.776416,-27.91289,463/11,,UIOL,,BRC,,4,
MHD - GTE,22.790315,72.776831,-27.85528,463/09,,UIOL,,BRC,,4,
MHD - GTE,22.789791,72.777273,-27.787,463/07,,BWA,,BRC,,4,
MHD - GTE,22.789294,72.777684,-27.88776,463/05,,,,BRC,,4,
MHD - GTE,22.788786,72.778106,-28.17186,463/03,,,,BRC,,4,
MHD - GTE,22.788218,72.778579,-28.54946,463/01,,,,BRC,,4,
MHD - GTE,22.787775,72.778986,-18.21795,462/27,Curve No 8,,,BRC,,4,
MHD - GTE,22.787298,72.779374,-19.20024,462/25,Curve No 8,,,BRC,,4,
MHD - GTE,22.786782,72.7798,-18.06934,462/23,Curve No 8,Splice,,BRC,,4,
MHD - GTE,22.786343,72.780148,-18.48843,462/21,Curve No 8,ACA,,BRC,,4,
MHD - GTE,22.785927,72.780461,-18.5701,462/19A,Curve No 8,ACC,,BRC,,4,
MHD - GTE,22.785439,72.780827,-17.45595,462/19,Curve No 8,ACA,,BRC,,4,
MHD - GTE,22.785002,72.781144,-15.49187,462/17A,Curve No 7,,,BRC,,4,
MHD - GTE,22.784531,72.781502,-14.29412,462/17,Curve No 7,,,BRC,,4,
MHD - GTE,22.784065,72.781856,-14.44929,462/15,Curve No 7,,,BRC,,4,
MHD - GTE,22.783602,72.782221,-14.41849,462/13,Curve No 7,,,BRC,,4,
MHD - GTE,22.783166,72.782575,-15.04373,462/11,,,,BRC,,4,
MHD - GTE,22.782774,72.782919,-15.11745,462/09,MALKANA -686,,,BRC,,4,
MHD - GTE,22.782507,72.783147,-13.53702,462/07,MALKANA -686,,,BRC,,4,
MHD - GTE,22.782227,72.783378,-12.88548,462/05,MALKANA -686,,,BRC,,4,
MHD - GTE,22.781775,72.783754,-14.62307,462/03,S-46203,,,BRC,,4,
MHD - GTE,22.781298,72.784148,-16.69403,462/01,Curve No 6,BWA,,BRC,,4,
MHD - GTE,22.780834,72.784536,-17.76476,461/29,Curve No 6,UIOL,,BRC,,4,
MHD - GTE,22.780392,72.78491,-20.39637,461/27,Curve No 6,UIOL,,BRC,,4,
MHD - GTE,22.779951,72.785315,-21.10009,461/25,Curve No 6,BWA,,BRC,,4,
MHD - GTE,22.779481,72.785744,-20.95571,461/23,,,,BRC,,4,
MHD - GTE,22.779043,72.786152,-20.97,461/21,Curve No 5,,,BRC,,4,
MHD - GTE,22.77857,72.786589,-20.98658,461/19,Curve No 5,,,BRC,,4,
MHD - GTE,22.778068,72.787034,-21.14581,461/17,Curve No 5,Splice,,BRC,,4,
MHD - GTE,22.777588,72.787445,-21.60199,461/15,Curve No 5,,,BRC,,4,
MHD - GTE,22.777137,72.787832,-21.36637,461/13,Curve No 5,ACA,,BRC,,4,
MHD - GTE,22.776596,72.788279,-22.11017,461/11,,ACC,,BRC,,4,
MHD - GTE,22.776107,72.788682,-22.72498,461/09,,ACA,,BRC,,4,
MHD - GTE,22.775591,72.789108,-23.17763,461/07,,,,BRC,,4,
MHD - GTE,22.775035,72.789567,-22.44835,461/05,,,,BRC,,4,
MHD - GTE,22.774526,72.789989,-22.72314,461/03,,,,BRC,,4,
MHD - GTE,22.774013,72.790416,-22.81929,461/01,,,,BRC,,4,
MHD - GTE,22.773496,72.790844,-22.65258,460/27,S-46025,,,BRC,,4,
MHD - GTE,22.773013,72.791242,-23.11465,460/25,,,,BRC,,4,
MHD - GTE,22.772475,72.791687,-20.94809,460/23,LC No - 285,BWA,,BRC,,4,
MHD - GTE,22.771987,72.79209,-20.10468,460/21,LC No - 285,UIOL,,BRC,,4,
MHD - GTE,22.771477,72.792528,-19.80424,460/19,,UIOL,,BRC,,4,
MHD - GTE,22.770982,72.792951,-19.92866,460/17,,BWA,,BRC,,4,
MHD - GTE,22.770452,72.793388,-20.95063,460/15,,,,BRC,,4,
MHD - GTE,22.769963,72.793795,-21.1034,460/13,,,,BRC,,4,
MHD - GTE,22.769404,72.794255,-22.64635,460/11,,,,BRC,,4,
MHD - GTE,22.768906,72.794659,-22.53878,460/09,,,,BRC,,4,
MHD - GTE,22.768404,72.79508,-21.08124,460/07,,,,BRC,,4,
MHD - GTE,22.767881,72.795524,-20.43887,460/05,,ACA,,BRC,,4,
MHD - GTE,22.767375,72.795945,-21.42055,460/03,,ACC,,BRC,,4,
MHD - GTE,22.766868,72.79637,-19.93227,460/01,LC No 284,ACA,,BRC,,4,
MHD - GTE,22.766337,72.796814,-19.22902,459/33,LC No 284,,,BRC,,4,
MHD - GTE,22.765827,72.797236,-18.95144,459/31,,,,BRC,,4,
MHD - GTE,22.765449,72.797553,-20.24781,459/29,,,,BRC,,4,
MHD - GTE,22.765054,72.797879,-19.72816,459/27,S-46,,,BRC,,4,
MHD - GTE,22.764602,72.798258,-19.37923,459/25A,,,,BRC,,4,
MHD - GTE,22.764157,72.798623,-19.24553,459/25,,BWA,,BRC,,4,
MHD - GTE,22.763741,72.798971,-19.33593,459/23,SEJ No-7,UIOL,,BRC,,4,
MHD - GTE,22.763363,72.799272,-18.6223,459/21,,X-O No 120 & BWA,,BRC,,4,
MHD - GTE,22.763095,72.799499,-18.95325,459/19A,,UIOL,,BRC,,4,
MHD - GTE,22.762802,72.799738,-19.10103,459/19,,BWA,,BRC,,4,
MHD - GTE,22.762444,72.800039,-18.76345,459/17,,UIOL,,BRC,,4,
MHD - GTE,22.762042,72.800368,-19.97584,459/13,,T-O No -116,,BRC,,4,
MHD - GTE,22.761669,72.800685,-19.07745,459/11,LC No 282 & SEJ -6,BWA,,BRC,,4,
MHD - GTE,22.761424,72.800884,-18.09724,459/09,SEJ -6,,,BRC,,4,
MHD - GTE,22.761092,72.801163,-18.87258,459/07,,,,BRC,,4,
MHD - GTE,22.760616,72.801558,-19.38714,459/05,,,,BRC,,4,
MHD - GTE,22.760104,72.801974,-19.14558,459/03,GTE,,,BRC,,4,
MHD - GTE,22.759608,72.802382,-19.3673,459/01,GTE,ACA,,BRC,,4,
MHD - GTE,22.759165,72.802758,-19.35798,458/35,GTE,ACC,,BRC,,4,
MHD - GTE,22.758663,72.80317,-19.68485,458/33,GTE,ACA & Splice,,BRC,,4,
MHD - GTE,22.758179,72.803578,-18.91806,458/31,GTE,,,BRC,,4,
MHD - GTE,22.757746,72.803931,-19.47434,458/29,GTE,,,BRC,,4,
GTE - ND,22.757332,72.804281,-19.03997,458/27,,,,BRC,,4,
GTE - ND,22.756942,72.804609,-20.35402,458/25,,,,BRC,,4,
GTE - ND,22.756547,72.804932,-21.44135,458/23,S-12,,,BRC,,4,
GTE - ND,22.756237,72.805187,-21.16158,458/21,SEJ No 5,,,BRC,,4,
GTE - ND,22.75603,72.805358,-21.40801,458/19A,SEJ No 5,,,BRC,,4,
GTE - ND,22.755628,72.805695,-21.45848,458/19,,T-O No 105 & BWA,,BRC,,4,
GTE - ND,22.755228,72.806017,-20.3329,458/17,,IOL of SM-145A,,BRC,,4,
GTE - ND,22.754758,72.8064,-20.49485,458/13,X-O No 101,IOL &  SM-145A,,BRC,,4,
GTE - ND,22.754431,72.806689,-27.13435,458/09,SEJ -4,BWA,,BRC,,4,
GTE - ND,22.754431,72.806689,-27.13435,458/05,Curve No 4,,,BRC,,4,
GTE - ND,22.753055,72.807783,-29.57903,458/03,Curve No 4,,,BRC,,4,
GTE - ND,22.752696,72.808077,-28.92448,458/01,Curve No 4,,,BRC,,4,
GTE - ND,22.752247,72.808429,-28.21224,457/33,Curve No 4,,,BRC,,4,
GTE - ND,22.751806,72.808755,-28.28322,457/31,Curve No 4,,,BRC,,4,
GTE - ND,22.75129,72.80913,-28.36815,457/29,Curve No 4,ACA,,BRC,,4,
GTE - ND,22.750795,72.809491,-28.7944,457/27,Curve No 4,ACC,,BRC,,4,
GTE - ND,22.750333,72.809841,-27.85452,457/25,Curve No 4,ACA,,BRC,,4,
GTE - ND,22.74988,72.810201,-27.23107,457/23,Curve No 4,,,BRC,,4,
GTE - ND,22.749393,72.810602,-26.27521,457/21,,,,BRC,,4,
GTE - ND,22.753479,72.807443,-31.86965,458/05,Curve No 4,,,BRC,,4,
GTE - ND,22.748914,72.811012,-25.23569,457/19,,,,BRC,,4,
GTE - ND,22.748491,72.811366,-24.35743,457/17,,,,BRC,,4,
GTE - ND,22.74803,72.811748,-24.29285,457/15,,BWA,,BRC,,4,
GTE - ND,22.747583,72.812119,-23.63686,457/13,,UIOL,,BRC,,4,
GTE - ND,22.747152,72.812475,-24.02975,457/11,,UIOL,,BRC,,4,
GTE - ND,22.746729,72.812823,-24.09498,457/09,,BWA,,BRC,,4,
GTE - ND,22.74628,72.8132,-23.23716,457/07,SHEDHI -681,,,BRC,,4,
GTE - ND,22.745941,72.813477,-22.8498,457/05,SHEDHI -681,,,BRC,,4,
GTE - ND,22.745656,72.813708,-22.69153,457/03,SHEDHI -681,,,BRC,,4,
GTE - ND,22.745364,72.813951,-22.68277,457/01,SHEDHI -681,,,BRC,,4,
GTE - ND,22.745014,72.814248,-22.66165,456/33,SHEDHI -681,,,BRC,,4,
GTE - ND,22.744608,72.814587,-23.63494,456/31,Curve No 3,,,BRC,,4,
GTE - ND,22.744233,72.814898,-25.39502,456/29,Curve No 3,,,BRC,,4,
GTE - ND,22.743915,72.815174,-24.34155,456/27,Curve No 3,,,BRC,,4,
GTE - ND,22.743562,72.815484,-25.09805,456/25,Curve No 3,,,BRC,,4,
GTE - ND,22.74318,72.815811,-25.0974,456/23,Curve No 3,ACA,,BRC,,4,
GTE - ND,22.742766,72.816171,-25.2869,456/21,Curve No 3,ACC,,BRC,,4,
GTE - ND,22.742332,72.816553,-25.57581,456/19,Curve No 3,ACA,,BRC,,4,
GTE - ND,22.741901,72.816929,-27.11054,456/17,Curve No 3,,,BRC,,4,
GTE - ND,22.741461,72.817315,-26.84233,456/15,Curve No 3,,,BRC,,4,
GTE - ND,22.741009,72.817714,-27.1868,456/13,,,,BRC,,4,
GTE - ND,22.740577,72.818086,-28.35748,456/11,,,,BRC,,4,
GTE - ND,22.74012,72.818491,-29.04449,456/09,,,,BRC,,4,
GTE - ND,22.739656,72.818889,-28.01952,456/07,,,,BRC,,4,
GTE - ND,22.739297,72.819196,-27.81652,456/05,,,,BRC,,4,
GTE - ND,22.738795,72.819618,-26.45049,456/03,,,,BRC,,4,
GTE - ND,22.738326,72.820017,-26.22325,456/01,,BWA,,BRC,,4,
GTE - ND,22.737848,72.820407,-26.38604,455/27,,UIOL,,BRC,,4,
GTE - ND,22.737331,72.820841,-25.5533,455/25,S-45523,UIOL,,BRC,,4,
GTE - ND,22.736812,72.821277,-25.89766,455/23,,BWA,,BRC,,4,
GTE - ND,22.736291,72.8217,-26.75653,455/21,LC No 278,,,BRC,,4,
GTE - ND,22.735786,72.822114,-25.35318,455/19,LC No 278,,,BRC,,4,
GTE - ND,22.735265,72.822549,-25.13671,455/17,,,,BRC,,4,
GTE - ND,22.734752,72.822981,-26.05249,455/15,,ACA,,BRC,,4,
GTE - ND,22.734233,72.823404,-26.83864,455/13,,ACC,,BRC,,4,
GTE - ND,22.73372,72.823824,-26.12553,455/11,,ACA,,BRC,,4,
GTE - ND,22.733226,72.824237,-26.75693,455/09,,,,BRC,,4,
GTE - ND,22.732711,72.824661,-25.88851,455/07,,,,BRC,,4,
GTE - ND,22.732185,72.825097,-26.05584,455/05,,BWA,,BRC,,4,
GTE - ND,22.731639,72.825559,-26.1198,455/03,,UIOL  BT,,BRC,,4,
GTE - ND,22.731143,72.825985,-26.92562,455/01,,UIOL  BT,,BRC,,4,
GTE - ND,22.730665,72.826375,-26.34998,454/27,,BWA,,BRC,,4,
GTE - ND,22.730174,72.826789,-25.55544,454/25,,,,BRC,,4,
GTE - ND,22.729661,72.827212,-25.52332,454/23,,,,BRC,,4,
GTE - ND,22.72915,72.827636,-25.32757,454/21,S-45419,,,BRC,,4,
GTE - ND,22.728622,72.828071,-25.7913,454/19,,AT,,BRC,,4,
GTE - ND,22.728096,72.828506,-25.81142,454/17,LC No 277,,,BRC,,4,
GTE - ND,22.727586,72.828929,-24.87598,454/15,LC No 277,,,BRC,,4,
GTE - ND,22.727074,72.829357,-26.04848,454/13,,ACA,,BRC,,4,
GTE - ND,22.726575,72.82977,-26.77187,454/11,,ACC,,BRC,,4,
GTE - ND,22.726047,72.830206,-26.3493,454/09,,ACA,,BRC,,4,
GTE - ND,22.725552,72.830615,-26.20821,454/07,,,,BRC,,4,
GTE - ND,22.725029,72.831054,-26.10896,454/05,,,,BRC,,4,
GTE - ND,22.724533,72.831466,-25.95596,454/03,,,,BRC,,4,
GTE - ND,22.724014,72.831895,-25.13757,454/01,,,,BRC,,4,
GTE - ND,22.723614,72.832227,-25.16284,453/27,,,,BRC,,4,
GTE - ND,22.723144,72.83262,-25.17424,453/25,,BWA,,BRC,,4,
GTE - ND,22.722636,72.833043,-25.3822,453/23,,UIOL,,BRC,,4,
GTE - ND,22.722105,72.833487,-26.31378,453/21,,UIOL,,BRC,,4,
GTE - ND,22.72161,72.833902,-26.61754,453/19,,BWA,,BRC,,4,
GTE - ND,22.721082,72.834339,-26.9839,453/17,,,,BRC,,4,
GTE - ND,22.720575,72.83476,-26.94426,453/15,,500m C/B,,BRC,,4,
GTE - ND,22.720158,72.835112,-26.87142,453/13,S-45311,BWA,,BRC,,4,
GTE - ND,22.719649,72.835522,-28.69441,453/11,,UIOL,,BRC,,4,
GTE - ND,22.719118,72.835957,-28.75546,453/09,,UIOL,,BRC,,4,
GTE - ND,22.718599,72.836393,-27.88246,453/07,,FTA & 250m C/B,,BRC,,4,
GTE - ND,22.718096,72.836813,-28.26314,453/05,,,,BRC,,4,
GTE - ND,22.717581,72.837241,-28.10808,453/03,,FTA,,BRC,,4,
GTE - ND,22.717184,72.837567,-29.32803,453/01B,,GTE/SP  O/L,,BRC,,4,
GTE - ND,22.716911,72.83779,-29.85068,453/01A,,DJ  OPEN  GTE/SP,,BRC,,4,
GTE - ND,22.716739,72.837942,-30.85815,453/01AA,,PTFE  GTE/SP,,BRC,,4,
GTE - ND,22.716548,72.838091,-30.52318,453/01,,GTE/SP N/S O/L,,BRC,,4,
GTE - ND,22.71631,72.838284,-30.44488,452/29,,DJ  CLOSE,,BRC,,4,
GTE - ND,22.715933,72.8386,-29.14886,452/27,,BWA,,BRC,,4,
GTE - ND,22.715477,72.838987,-30.14173,452/25,LC No 276,,,BRC,,4,
GTE - ND,22.715005,72.839377,-29.54412,452/23,LC No 276,,,BRC,,4,
GTE - ND,22.714511,72.839787,-29.11281,452/21,,DJ CLOSE MEMU,,BRC,,4,
GTE - ND,22.714002,72.840217,-29.78051,452/19,,BWA,,BRC,,4,
GTE - ND,22.713485,72.84064,-28.00432,452/17,,UIOL  BT,,BRC,,4,
GTE - ND,22.713007,72.841038,-26.99461,452/15,,UIOL  BT,,BRC,,4,
GTE - ND,22.712488,72.841469,-27.19868,452/13,,BWA,,BRC,,4,
GTE - ND,22.711975,72.841891,-27.04771,452/11,,,,BRC,,4,
GTE - ND,22.711541,72.842252,-26.97282,452/09,,,,BRC,,4,
GTE - ND,22.711155,72.842567,-26.97134,452/07,,ACA,,BRC,,4,
GTE - ND,22.71065,72.842983,-26.18912,452/05,,ACC,,BRC,,4,
GTE - ND,22.710185,72.84337,-26.30853,452/03,,ACA,,BRC,,4,
GTE - ND,22.709668,72.843809,-26.14649,452/01,,,,BRC,,4,
GTE - ND,22.709166,72.844232,-26.62152,451/29,S-46,,,BRC,,4,
GTE - ND,22.708637,72.844666,-26.89376,451/27,,FTA & Splice,,BRC,,4,
GTE - ND,22.708183,72.845053,-26.28819,451/25,,IOL of SM-145,,BRC,,4,
GTE - ND,22.707686,72.84546,-25.90849,451/23,SEJ,IOL SM-145 & BWA,,BRC,,4,
GTE - ND,22.707223,72.845847,-27.50619,451/21A,,X-O No 115 & BWA,,BRC,,4,
GTE - ND,22.706931,72.846111,-28.21667,451/21,,T-O No 115 & BWA,,BRC,,4,
GTE - ND,22.706548,72.846428,-26.38487,451/19,SEJ No 21,,,BRC,,4,
GTE - ND,22.70607,72.846823,-25.24583,451/17,,,,BRC,,4,
GTE - ND,22.705548,72.847255,-27.59095,451/15,,UIOL ,,BRC,,4,
GTE - ND,22.705064,72.847655,-27.35949,451/13,,UIOL  BT,,BRC,,4,
GTE - ND,22.704749,72.847916,-26.027,451/11,,AT,,BRC,,4,
GTE - ND,22.704501,72.848129,-25.48503,451/09,,,,BRC,,4,
GTE - ND,22.70421,72.848372,-26.07104,451/07,,BWA,,BRC,,4,
GTE - ND,22.703789,72.848721,-26.35586,451/05,LC No 275,BWA,,BRC,,4,
GTE - ND,22.703348,72.849101,-26.88839,451/03,,,,BRC,,4,
GTE - ND,22.702909,72.849465,-27.6124,451/01,,,,BRC,,4,
GTE - ND,22.702367,72.849912,-27.87221,450/37,,,,BRC,,4,
GTE - ND,22.701973,72.850243,-28.23647,450/35A,,,,BRC,,4,
GTE - ND,22.701717,72.850444,-27.85747,450/35,,,,BRC,,4,
GTE - ND,22.701329,72.850772,-27.72328,450/33,,,,BRC,,4,
GTE - ND,22.700826,72.851206,-28.1831,450/29,,ACC,,BRC,,4,
GTE - ND,22.700308,72.851628,-26.48792,450/25,,,,BRC,,4,
GTE - ND,22.699906,72.851957,-25.28885,450/23A,,,,BRC,,4,
GTE - ND,22.69958,72.852227,-24.24529,450/23,SEJ - 20  & B-12,ROB,,BRC,,4,
GTE - ND,22.699291,72.852446,-25.72626,450/21,ROB,,,BRC,,4,
GTE - ND,22.698897,72.852791,-26.18469,450/19B,,X-O No 107,,BRC,,4,
GTE - ND,22.698582,72.853056,-26.8038,450/18B,,TTU on DN & UIOL,,BRC,,4,
GTE - ND,22.698316,72.853268,-26.16289,450/17,,T-O No 105B,,BRC,,4,
GTE - ND,22.698063,72.853476,-25.70323,450/15A,,UIOL,,BRC,,4,
GTE - ND,22.697751,72.85373,-24.62966,450/13,,X-O No 104B,,BRC,,4,
GTE - ND,22.697306,72.854104,-24.9842,450/11,SEJ No - 19,,,BRC,,4,
GTE - ND,22.696991,72.854367,-25.18537,450/09,,UIOL  BT,,BRC,,4,
GTE - ND,22.696563,72.854814,-26.68876,450/07,,UIOL  BT,,BRC,,4,
GTE - ND,22.696179,72.855148,-26.24561,450/05,ND PF,,,BRC,,4,
GTE - ND,22.695778,72.855425,-27.75422,450/03,ND PF,BWA,,BRC,,4,
GTE - ND,22.695256,72.855837,-25.92513,450/01,ND PF,,,BRC,,4,
GTE - ND,22.694762,72.856257,-26.99562,449/31,ND PF,,,BRC,,4,
GTE - ND,22.694246,72.856649,-24.69895,449/29,ND PF & FOB,,,BRC,,4,
GTE - ND,22.693867,72.856967,-23.66078,449/27,ND PF & FOB,,,BRC,,4,
GTE - ND,22.693479,72.857286,-21.95567,449/25,ND PF ,,,BRC,,4,
GTE - ND,22.69297,72.857725,-21.34203,449/23,ND PF ,ACA,,BRC,,4,
GTE - ND,22.692473,72.858122,-20.64946,449/21,ND PF ,ACC,,BRC,,4,
GTE - ND,22.692006,72.85851,-19.72844,449/19,,ACA,,BRC,,4,
