Record ID,Division ,Section ,PWI ,OHEMas,TRDFeature,EngFeature,Remark 1,Remark 2,Latitude,Longitude,Altitude,Validity,Speed,Satellites,ModifiedDate
1,ADI,GNC-KHD,,528/15,,,,,23.23433,72.6295,29.2608,,,7,03-12-2015 15:05
2,ADI,GNC-KHD,,528/14,,,,,23.23378,72.62916,30.44952,,,7,03-12-2015 15:05
3,ADI,GNC-KHD,,528/13,,,,,23.23323,72.6289,31.63824,,,6,03-12-2015 15:04
4,ADI,GNC-KHD,,528/12,,,,,23.23261,72.62851,32.33928,,,7,03-12-2015 15:04
5,ADI,GNC-KHD,,528/11,,,,,23.23215,72.62819,32.6136,,,7,03-12-2015 15:04
6,ADI,GNC-KHD,,528/10,,,,,23.23162,72.62788,33.00984,,,7,03-12-2015 15:03
7,ADI,GNC-KHD,,528/9,,,,,23.23103,72.62752,33.528,,,7,03-12-2015 15:03
8,ADI,GNC-KHD,,528/8,,,,,23.2307,72.62727,34.19856,,,7,03-12-2015 15:03
9,ADI,GNC-KHD,,528/6,,,,,23.2288,72.62607,49.6824,,,4,03-12-2015 15:02
10,ADI,GNC-KHD,,528/5,,,,,23.22812,72.62582,49.10328,,,4,03-12-2015 15:01
11,ADI,GNC-KHD,,528/4,,,,,23.22785,72.62586,40.14216,,,5,03-12-2015 15:01
12,ADI,GNC-KHD,,528/2,,,,,23.22837,72.62583,32.18688,,,6,03-12-2015 15:01
13,ADI,GNC-KHD,,527/15,,,,,23.22791,72.62551,30.57144,,,6,03-12-2015 15:00
14,ADI,GNC-KHD,,527/14,,,,,23.22732,72.62517,28.28544,,,7,03-12-2015 15:00
15,ADI,GNC-KHD,,527/13,,,,,23.22672,72.62479,25.54224,,,7,03-12-2015 14:59
16,ADI,GNC-KHD,,527/12,,,,,23.22617,72.62443,25.17648,,,6,03-12-2015 14:59
17,ADI,GNC-KHD,,527/11,,,,,23.2257,72.62414,24.384,,,7,03-12-2015 14:58
18,ADI,GNC-KHD,,527/10,,,,,23.22517,72.62388,23.83536,,,5,03-12-2015 14:58
19,ADI,GNC-KHD,,527/9,,,,,23.22464,72.62356,22.89048,,,5,03-12-2015 14:58
20,ADI,GNC-KHD,,527/8,,,,,23.22404,72.62313,24.2316,,,5,03-12-2015 14:57
21,ADI,GNC-KHD,,527/7,,,,,23.22356,72.62279,22.95144,,,5,03-12-2015 14:57
22,ADI,GNC-KHD,,527/6,,,,,23.22312,72.62252,21.67128,,,6,03-12-2015 14:56
23,ADI,GNC-KHD,,527/5,,,,,23.22246,72.62225,19.9644,,,5,03-12-2015 14:56
24,ADI,GNC-KHD,,527/4,,,,,23.22192,72.62182,20.20824,,,4,03-12-2015 14:56
25,ADI,GNC-KHD,,527/3,,,,,23.2214,72.6215,18.8976,,,6,03-12-2015 14:55
26,ADI,GNC-KHD,,527/2,,,,,23.22092,72.62122,18.62328,,,5,03-12-2015 14:55
27,ADI,GNC-KHD,,527/1,,,,,23.22038,72.6208,19.72056,,,6,03-12-2015 14:54
28,ADI,GNC-KHD,,526/16,,,,,23.21986,72.62053,19.32432,,,7,03-12-2015 14:53
29,ADI,GNC-KHD,,526/15,,,,,23.21935,72.6202,19.47672,,,7,03-12-2015 14:53
30,ADI,GNC-KHD,,526/14,,,,,23.21891,72.6199,18.92808,,,7,03-12-2015 14:52
31,ADI,GNC-KHD,,526/13,,,,,23.21841,72.61956,18.07464,,,7,03-12-2015 14:52
32,ADI,GNC-KHD,,526/12,,,,,23.21794,72.61918,17.46504,,,7,03-12-2015 14:51
33,ADI,GNC-KHD,,526/11,,,,,23.21747,72.61882,16.64208,,,7,03-12-2015 14:51
34,ADI,GNC-KHD,,526/10,,,,,23.21709,72.61841,16.36776,,,7,03-12-2015 14:50
35,ADI,GNC-KHD,,526/9,,,,,23.21666,72.618,15.91056,,,7,03-12-2015 14:50
36,ADI,GNC-KHD,,526/8,,,,,23.21621,72.61753,16.79448,,,7,03-12-2015 14:50
37,ADI,GNC-KHD,,526/7,,,,,23.2158,72.61713,19.3548,,,7,03-12-2015 14:49
38,ADI,GNC-KHD,,526/6,,,,,23.21546,72.61667,20.60448,,,7,03-12-2015 14:49
39,ADI,GNC-KHD,,526/5,,,,,23.2151,72.61621,21.09216,,,7,03-12-2015 14:48
40,ADI,GNC-KHD,,526/4,,,,,23.2147,72.61568,21.45792,,,7,03-12-2015 14:48
41,ADI,GNC-KHD,,526/3,,,,,23.21442,72.61524,21.76272,,,7,03-12-2015 14:48
42,ADI,GNC-KHD,,526/2,,,,,23.2141,72.61472,22.15896,,,7,03-12-2015 14:47
43,ADI,GNC-KHD,,526/1,,,,,23.21377,72.61422,23.0124,,,7,03-12-2015 14:46
44,ADI,GNC-KHD,,525/14,,,,,23.21343,72.61366,23.7744,,,7,03-12-2015 14:46
45,ADI,GNC-KHD,,525/13,,,,,23.21307,72.61307,24.47544,,,7,03-12-2015 14:46
46,ADI,GNC-KHD,,525/12,,,,,23.21273,72.61254,24.96312,,,7,03-12-2015 14:45
47,ADI,GNC-KHD,,525/11,,,,,23.21234,72.61195,25.84704,,,7,03-12-2015 14:44
48,ADI,GNC-KHD,,525/10,,,,,23.21192,72.61126,25.81656,,,7,03-12-2015 14:44
49,ADI,GNC-KHD,,525/9,,,,,23.21158,72.61073,25.63368,,,6,03-12-2015 14:44
50,ADI,GNC-KHD,,525/8,,,,,23.21128,72.61022,24.8412,,,7,03-12-2015 14:43
51,ADI,GNC-KHD,,525/7,,,,,23.2108,72.60952,24.41448,,,7,03-12-2015 14:43
52,ADI,GNC-KHD,,525/6,,,,,23.21018,72.60848,22.89048,,,7,03-12-2015 14:42
53,ADI,GNC-KHD,,525/5,,,,,23.2098,72.60788,22.79904,,,6,03-12-2015 14:41
54,ADI,GNC-KHD,,525/3,,,,,23.20945,72.60733,22.61616,,,7,03-12-2015 14:41
55,ADI,GNC-KHD,,525/2,,,,,23.20909,72.60676,22.43328,,,7,03-12-2015 14:40
56,ADI,GNC-KHD,,525/1,,,,,23.20875,72.6062,21.7932,,,7,03-12-2015 14:40
57,ADI,GNC-KHD,,524/14,,,,,23.2084,72.60568,21.336,,,7,03-12-2015 14:39
58,ADI,GNC-KHD,,524/13,,,,,23.20805,72.6051,21.39696,,,8,03-12-2015 14:39
59,ADI,GNC-KHD,,524/12,,,,,23.20766,72.6045,21.336,,,8,03-12-2015 14:38
60,ADI,GNC-KHD,,524/11,,,,,23.20731,72.60396,21.15312,,,8,03-12-2015 14:37
61,ADI,GNC-KHD,,524/10,,,,,23.20697,72.60337,21.30552,,,8,03-12-2015 14:37
62,ADI,GNC-KHD,,524/9,,,,,23.20659,72.60277,21.06168,,,8,03-12-2015 14:36
63,ADI,GNC-KHD,,524/8,,,,,23.20627,72.60226,21.15312,,,8,03-12-2015 14:36
64,ADI,GNC-KHD,,524/7,,,,,23.20588,72.60165,20.97024,,,8,03-12-2015 14:35
65,ADI,GNC-KHD,,524/6,,,,,23.2055,72.60106,21.21408,,,7,03-12-2015 14:35
66,ADI,GNC-KHD,,524/5,,,,,23.20521,72.60057,21.45792,,,7,03-12-2015 14:34
67,ADI,GNC-KHD,,524/4,,,,,23.20492,72.6001,0,,,4,03-12-2015 14:33
68,ADI,GNC-KHD,,524/3,,,,,23.20451,72.59946,21.6408,,,7,03-12-2015 14:33
69,ADI,GNC-KHD,,524/2,,,,,23.20416,72.59889,21.57984,,,7,03-12-2015 14:32
70,ADI,GNC-KHD,,524/1,,,,,23.20373,72.59828,20.93976,,,7,03-12-2015 14:32
71,ADI,GNC-KHD,,523/15,,,,,23.20338,72.59771,19.47672,,,7,03-12-2015 14:31
72,ADI,GNC-KHD,,523/14,,,,,23.20304,72.59714,19.6596,,,6,03-12-2015 14:31
73,ADI,GNC-KHD,,523/13,,,,,23.2027,72.59654,19.90344,,,5,03-12-2015 14:30
74,ADI,GNC-KHD,,523/12,,,,,23.20239,72.59594,18.4404,,,7,03-12-2015 14:30
75,ADI,GNC-KHD,,523/11,,,,,23.20191,72.59539,16.79448,,,5,03-12-2015 14:29
76,ADI,GNC-KHD,,523/10,,,,,23.20161,72.59486,14.75232,,,6,03-12-2015 14:29
77,ADI,GNC-KHD,,523/9,,,,,23.20125,72.59413,11.5824,,,8,03-12-2015 14:28
78,ADI,GNC-KHD,,523/8,,,,,23.20094,72.59351,10.14984,,,6,03-12-2015 14:27
79,ADI,GNC-KHD,,523/7,,,,,23.20046,72.59297,8.71728,,,8,03-12-2015 14:27
80,ADI,GNC-KHD,,523/6,,,,,23.19994,72.59234,4.84632,,,7,03-12-2015 14:26
81,ADI,GNC-KHD,,523/5,,,,,23.19946,72.59179,7.65048,,,6,03-12-2015 14:26
82,ADI,GNC-KHD,,523/4,,,,,23.19905,72.59138,14.75232,,,6,03-12-2015 14:25
83,ADI,GNC-KHD,,523/3,,,,,23.19906,72.5909,20.1168,,,6,03-12-2015 14:25
84,ADI,GNC-KHD,,523/2,,,,,23.19878,72.59028,21.9456,,,6,03-12-2015 14:24
85,ADI,GNC-KHD,,523/1,,,,,23.19843,72.58976,22.64664,,,7,03-12-2015 14:24
86,ADI,GNC-KHD,,522/14,,,,,23.1981,72.58919,23.10384,,,7,03-12-2015 14:23
87,ADI,GNC-KHD,,522/13,,,,,23.19777,72.58867,23.74392,,,7,03-12-2015 14:22
88,ADI,GNC-KHD,,522/12,,,,,23.19739,72.58805,22.82952,,,7,03-12-2015 14:22
89,ADI,GNC-KHD,,522/11,,,,,23.19704,72.58747,22.61616,,,7,03-12-2015 14:22
90,ADI,GNC-KHD,,522/10,,,,,23.19668,72.58691,22.49424,,,7,03-12-2015 14:21
91,ADI,GNC-KHD,,522/9,,,,,23.19632,72.58635,21.82368,,,7,03-12-2015 14:20
92,ADI,GNC-KHD,,522/8,,,,,23.19589,72.58571,20.17776,,,7,03-12-2015 14:20
93,ADI,GNC-KHD,,522/7,,,,,23.19562,72.58528,19.44624,,,7,03-12-2015 14:19
94,ADI,GNC-KHD,,522/6,,,,,23.19528,72.58472,19.6596,,,7,03-12-2015 14:18
95,ADI,GNC-KHD,,522/5,,,,,23.19493,72.58414,19.47672,,,6,03-12-2015 14:17
96,ADI,GNC-KHD,,522/4,,,,,23.1946,72.58364,19.812,,,7,03-12-2015 14:17
97,ADI,GNC-KHD,,522/3,,,,,23.19424,72.58302,21.24456,,,7,03-12-2015 14:16
98,ADI,GNC-KHD,,522/2,,,,,23.19388,72.58248,21.54936,,,7,03-12-2015 14:16
99,ADI,GNC-KHD,,522/1,,,,,23.19357,72.5819,21.67128,,,6,03-12-2015 14:16
100,ADI,GNC-KHD,,521/14,,,,,23.1932,72.58133,22.46376,,,6,03-12-2015 14:15
101,ADI,GNC-KHD,,521/13,,,,,23.19288,72.58077,23.3172,,,8,03-12-2015 14:15
102,ADI,GNC-KHD,,521/12,,,,,23.19248,72.58019,20.23872,,,7,03-12-2015 14:14
103,ADI,GNC-KHD,,521/11,,,,,23.19214,72.57964,21.4884,,,7,03-12-2015 14:13
104,ADI,GNC-KHD,,521/10,,,,,23.1918,72.57902,22.73808,,,7,03-12-2015 14:13
105,ADI,GNC-KHD,,521/9,,,,,23.19142,72.57847,21.91512,,,7,03-12-2015 14:12
106,ADI,GNC-KHD,,521/8,,,,,23.19109,72.57787,21.70176,,,6,03-12-2015 14:11
107,ADI,GNC-KHD,,521/7,,,,,23.19071,72.57726,21.9456,,,7,03-12-2015 14:11
108,ADI,GNC-KHD,,521/6,,,,,23.19043,72.57677,21.85416,,,6,03-12-2015 14:11
109,ADI,GNC-KHD,,521/5,,,,,23.19006,72.57618,21.57984,,,7,03-12-2015 14:10
110,ADI,GNC-KHD,,521/4,,,,,23.18968,72.5756,21.42744,,,6,03-12-2015 14:10
111,ADI,GNC-KHD,,521/3,,,,,23.18931,72.57503,21.36648,,,6,03-12-2015 14:09
112,ADI,GNC-KHD,,521/2,,,,,23.18896,72.57448,21.45792,,,6,03-12-2015 14:09
113,ADI,GNC-KHD,,521/1,,,,,23.18862,72.57392,20.54352,,,6,03-12-2015 14:08
114,ADI,GNC-KHD,,520/14,,,,,23.18826,72.57332,18.95856,,,8,03-12-2015 14:08
115,ADI,GNC-KHD,,520/13,,,,,23.18789,72.57276,19.9644,,,9,03-12-2015 14:07
116,ADI,GNC-KHD,,520/12,,,,,23.18754,72.5722,20.20824,,,8,03-12-2015 14:07
117,ADI,GNC-KHD,,520/11,,,,,23.18716,72.57162,20.39112,,,9,03-12-2015 14:06
118,ADI,GNC-KHD,,520/10,,,,,23.18679,72.57104,20.02536,,,8,03-12-2015 14:06
119,ADI,GNC-KHD,,520/9,,,,,23.18643,72.57047,19.38528,,,8,03-12-2015 14:06
120,ADI,GNC-KHD,,520/8,,,,,23.18609,72.56995,19.23288,,,8,03-12-2015 14:05
121,ADI,GNC-KHD,,520/7,,,,,23.18571,72.56934,18.16608,,,7,03-12-2015 14:05
122,ADI,GNC-KHD,,520/6,,,,,23.1853,72.56872,17.46504,,,7,03-12-2015 14:05
123,ADI,GNC-KHD,,520/5,,,,,23.18494,72.56814,17.19072,,,7,03-12-2015 14:04
124,ADI,GNC-KHD,,520/4,,,,,23.18463,72.56763,17.03832,,,7,03-12-2015 14:04
125,ADI,GNC-KHD,,520/3,,,,,23.18423,72.56702,16.79448,,,7,03-12-2015 14:04
126,ADI,GNC-KHD,,520/2,,,,,23.18386,72.56647,16.67256,,,6,03-12-2015 14:04
127,ADI,GNC-KHD,,520/1,,,,,23.18349,72.56594,17.0688,,,6,03-12-2015 14:03
128,ADI,GNC-KHD,,519/14,,,,,23.18314,72.56534,18.4404,,,7,03-12-2015 14:03
129,ADI,GNC-KHD,,519/13,,,,,23.18287,72.56486,21.54936,,,7,03-12-2015 14:02
130,ADI,GNC-KHD,,519/12,,,,,23.18253,72.56432,20.66544,,,7,03-12-2015 14:01
131,ADI,GNC-KHD,,519/11,,,,,23.1821,72.56363,18.01368,,,7,03-12-2015 14:00
132,ADI,GNC-KHD,,519/10,,,,,23.18176,72.56309,21.70176,,,7,03-12-2015 14:00
133,ADI,GNC-KHD,,519/9,,,,,23.18145,72.56258,22.43328,,,8,03-12-2015 13:59
134,ADI,GNC-KHD,,519/8,,,,,23.18103,72.562,20.20824,,,7,03-12-2015 13:58
135,ADI,GNC-KHD,,519/7,,,,,23.18067,72.56138,20.84832,,,7,03-12-2015 13:57
136,ADI,GNC-KHD,,519/6,,,,,23.18037,72.56086,22.03704,,,7,03-12-2015 13:57
137,ADI,GNC-KHD,,519/5,,,,,23.18002,72.56024,22.37232,,,7,03-12-2015 13:56
138,ADI,GNC-KHD,,519/4,,,,,23.17961,72.55964,21.73224,,,6,03-12-2015 13:56
139,ADI,GNC-KHD,,519/3,,,,,23.17925,72.55911,20.63496,,,5,03-12-2015 13:55
140,ADI,GNC-KHD,,519/2,,,,,23.17888,72.55852,20.02536,,,6,03-12-2015 13:55
141,ADI,GNC-KHD,,519/1,,,,,23.17849,72.55794,18.22704,,,7,03-12-2015 13:54
142,ADI,GNC-KHD,,518/19,,,,,23.17814,72.55742,16.03248,,,6,03-12-2015 13:53
143,ADI,GNC-KHD,,518/17,,,,,23.1778,72.55684,15.63624,,,8,03-12-2015 13:52
144,ADI,GNC-KHD,,518/15,,,,,23.17747,72.55628,14.14272,,,7,03-12-2015 13:52
145,ADI,GNC-KHD,,518/13,,,,,23.17707,72.55572,12.89304,,,5,03-12-2015 13:51
146,ADI,GNC-KHD,,518/11,,,,,23.17678,72.55533,13.50264,,,6,03-12-2015 13:51
147,ADI,GNC-KHD,,518/9,,,,,23.17657,72.55486,15.14856,,,6,03-12-2015 13:51
148,ADI,GNC-KHD,,518/7,,,,,23.17634,72.55446,16.64208,,,7,03-12-2015 13:50
149,ADI,GNC-KHD,,518/5,,,,,23.17614,72.55404,17.34312,,,8,03-12-2015 13:50
150,ADI,GNC-KHD,,518/3,,,,,23.17597,72.55363,18.50136,,,9,03-12-2015 13:49
151,ADI,GNC-KHD,,518/1,,,,,23.17573,72.5532,19.87296,,,9,03-12-2015 13:49
152,ADI,GNC-KHD,,518/1,,,,,23.17537,72.55266,20.14728,,,8,03-12-2015 13:48
153,ADI,GNC-KHD,,518/3,,,,,23.17507,72.55218,20.36064,,,8,03-12-2015 13:48
154,ADI,GNC-KHD,,518/5,,,,,23.17482,72.55176,20.51304,,,7,03-12-2015 13:47
155,ADI,GNC-KHD,,518/7,,,,,23.17451,72.55133,19.53768,,,6,03-12-2015 13:47
156,ADI,GNC-KHD,,518/9,,,,,23.17422,72.55086,17.6784,,,8,03-12-2015 13:47
157,ADI,GNC-KHD,,518/11,,,,,23.1739,72.55035,17.73936,,,10,03-12-2015 13:46
158,ADI,GNC-KHD,,518/13,,,,,23.17362,72.54988,18.83664,,,8,03-12-2015 13:46
159,ADI,GNC-KHD,,518/1,,,,,23.1733,72.54935,20.20824,,,9,03-12-2015 13:45
160,ADI,GNC-KHD,,517/20,,,,,23.17292,72.54879,20.93976,,,9,03-12-2015 13:45
161,ADI,GNC-KHD,,517/19,,,,,23.1726,72.54825,21.88464,,,9,03-12-2015 13:44
162,ADI,GNC-KHD,,517/18,,,,,23.17226,72.54773,20.78736,,,9,03-12-2015 13:43
163,ADI,GNC-KHD,,517/17,,,,,23.17198,72.54729,19.44624,,,9,03-12-2015 13:43
164,ADI,GNC-KHD,,517/16,,,,,23.17169,72.54691,19.812,,,10,03-12-2015 13:43
165,ADI,GNC-KHD,,517/15,,,,,23.17139,72.54655,16.55064,,,8,03-12-2015 13:42
166,ADI,GNC-KHD,,517/14,,,,,23.17106,72.5461,13.77696,,,5,03-12-2015 13:42
167,ADI,GNC-KHD,,517/13,,,,,23.17073,72.54582,15.3924,,,8,03-12-2015 13:41
168,ADI,GNC-KHD,,517/12,,,,,23.17046,72.54559,17.09928,,,9,03-12-2015 13:41
169,ADI,GNC-KHD,,517/11,,,,,23.17008,72.54529,18.83664,,,9,03-12-2015 13:41
170,ADI,GNC-KHD,,517/10,,,,,23.16976,72.54508,20.29968,,,10,03-12-2015 13:40
171,ADI,GNC-KHD,,517/9,,,,,23.16947,72.54489,20.69592,,,11,03-12-2015 13:40
172,ADI,GNC-KHD,,517/8,,,,,23.16911,72.5447,19.99488,,,11,03-12-2015 13:39
173,ADI,GNC-KHD,,517/7,,,,,23.16872,72.54452,18.7452,,,10,03-12-2015 13:39
174,ADI,GNC-KHD,,517/6,,,,,23.16833,72.54437,18.10512,,,8,03-12-2015 13:39
175,ADI,GNC-KHD,,517/5,,,,,23.16794,72.54424,19.69008,,,8,03-12-2015 13:38
176,ADI,GNC-KHD,,517/4,,,,,23.16758,72.54416,21.39696,,,9,03-12-2015 13:38
177,ADI,GNC-KHD,,517/3,,,,,23.1672,72.54405,22.00656,,,10,03-12-2015 13:38
178,ADI,GNC-KHD,,517/2,,,,,23.16679,72.544,21.97608,,,11,03-12-2015 13:37
179,ADI,GNC-KHD,,517/1,,,,,23.16641,72.54397,21.76272,,,10,03-12-2015 13:37
180,ADI,GNC-KHD,,517/1A,,,,,23.16597,72.54394,22.06752,,,9,03-12-2015 13:36
181,ADI,GNC-KHD,,516/24,,,,,23.16557,72.54396,22.31136,,,10,03-12-2015 13:36
182,ADI,GNC-KHD,,516/23,,,,,23.16529,72.54398,22.21992,,,9,03-12-2015 13:36
183,ADI,GNC-KHD,,516/22,,,,,23.165,72.54401,22.03704,,,8,03-12-2015 13:35
184,ADI,GNC-KHD,,516/21,,,,,23.16458,72.54405,22.2504,,,9,03-12-2015 13:35
185,ADI,GNC-KHD,,516/20,,,,,23.16421,72.5441,22.37232,,,9,03-12-2015 13:35
186,ADI,GNC-KHD,,516/19,,,,,23.16381,72.54418,22.46376,,,11,03-12-2015 13:34
187,ADI,GNC-KHD,,516/18,,,,,23.16338,72.54429,22.64664,,,11,03-12-2015 13:34
188,ADI,GNC-KHD,,516/17,,,,,23.16274,72.54454,22.2504,,,9,03-12-2015 13:33
189,ADI,GNC-KHD,,SAIL 02,,,,,23.16241,72.54468,22.18944,,,8,03-12-2015 13:33
190,ADI,GNC-KHD,,516/12,,,,,23.16206,72.54486,22.15896,,,8,03-12-2015 13:33
191,ADI,GNC-KHD,,516/11B,,,,,23.1618,72.545,22.21992,,,8,03-12-2015 13:32
192,ADI,GNC-KHD,,516/11,,,,,23.16161,72.54514,24.41448,,,9,03-12-2015 13:31
193,ADI,GNC-KHD,,10B,,,,,23.16139,72.54533,0,,,3,03-12-2015 13:30
194,ADI,GNC-KHD,,9A,,,,,23.16098,72.54544,23.59152,,,4,03-12-2015 13:29
195,ADI,GNC-KHD,,516/8,,,,,23.16064,72.54561,25.146,,,6,03-12-2015 13:28
196,ADI,GNC-KHD,,516/7,,,,,23.15706,72.54279,0,,,0,03-12-2015 13:27
197,ADI,GNC-KHD,,516/6,,,,,23.1597,72.54612,26.27376,,,6,03-12-2015 13:17
198,ADI,GNC-KHD,,516/5,,,,,23.15922,72.54635,27.70632,,,9,03-12-2015 13:16
199,ADI,GNC-KHD,,516/4,,,,,23.15876,72.54666,34.19856,,,8,03-12-2015 13:14
200,ADI,GNC-KHD,,516/3,,,,,23.15832,72.54696,38.03904,,,8,03-12-2015 13:13
201,ADI,GNC-KHD,,516/2,,,,,23.15783,72.54716,35.69208,,,9,03-12-2015 13:12
202,ADI,GNC-KHD,,516/1,,,,,23.15738,72.5474,32.43072,,,8,03-12-2015 13:11
203,ADI,GNC-KHD,,515/24,,,,,23.15688,72.54759,30.54096,,,10,03-12-2015 13:10
204,ADI,GNC-KHD,,515/23,,,,,23.15657,72.54779,28.28544,,,10,03-12-2015 13:10
205,ADI,GNC-KHD,,515/22,,,,,23.15605,72.54802,16.002,,,10,03-12-2015 12:20
206,ADI,GNC-KHD,,515/21,,,,,23.15551,72.54828,15.78864,,,11,03-12-2015 12:19
207,ADI,GNC-KHD,,515/20,,,,,23.15511,72.54841,19.53768,,,9,03-12-2015 12:23
208,ADI,GNC-KHD,,515/19,,,,,23.15464,72.54873,16.39824,,,11,03-12-2015 12:19
209,ADI,GNC-KHD,,515/18,,,,,23.15413,72.54896,19.05,,,11,03-12-2015 12:18
210,ADI,GNC-KHD,,515/17,,,,,23.1537,72.54913,20.78736,,,11,03-12-2015 12:18
211,ADI,GNC-KHD,,515/14,,,,,23.15316,72.54943,20.08632,,,11,03-12-2015 12:17
212,ADI,GNC-KHD,,KHD 1005,,,,,23.1526,72.54972,19.75104,,,11,03-12-2015 12:17
213,ADI,GNC-KHD,,KHD 1004,,,,,23.15228,72.54987,18.8976,,,11,03-12-2015 12:16
214,ADI,KHD-CLDY,,515/12,,,,,23.15212,72.54994,18.95856,,,11,03-12-2015 12:15
215,ADI,KHD-CLDY,,515/11,,,,,23.15191,72.55003,19.08048,,,11,03-12-2015 12:15
216,ADI,KHD-CLDY,,515/10,,,,,23.15152,72.55019,20.97024,,,7,03-12-2015 12:14
217,ADI,KHD-CLDY,,515/9,,,,,23.15105,72.55042,22.79904,,,11,03-12-2015 12:13
218,ADI,KHD-CLDY,,515/7,,,,,23.15064,72.55063,22.89048,,,9,03-12-2015 12:12
219,ADI,KHD-CLDY,,515/6,,,,,23.15028,72.55082,22.86,,,10,03-12-2015 12:12
220,ADI,KHD-CLDY,,515/4,,,,,23.1499,72.55104,22.5552,,,9,03-12-2015 12:12
221,ADI,KHD-CLDY,,515/3,,,,,23.14952,72.55124,22.52472,,,10,03-12-2015 12:12
222,ADI,KHD-CLDY,,515/2,,,,,23.14908,72.55151,22.95144,,,10,03-12-2015 12:11
223,ADI,KHD-CLDY,,515/1,,,,,23.14862,72.55177,22.28088,,,11,03-12-2015 12:11
224,ADI,KHD-CLDY,,514/13,,,,,23.14816,72.552,22.28088,,,11,03-12-2015 12:11
225,ADI,KHD-CLDY,,514/12,,,,,23.14761,72.55228,22.15896,,,11,03-12-2015 12:10
226,ADI,KHD-CLDY,,514/11,,,,,23.14706,72.55256,21.4884,,,11,03-12-2015 12:10
227,ADI,KHD-CLDY,,514/10,,,,,23.14647,72.55286,20.4216,,,11,03-12-2015 12:09
228,ADI,KHD-CLDY,,514/9,,,,,23.14596,72.55314,18.83664,,,11,03-12-2015 12:08
229,ADI,KHD-CLDY,,514/8,,,,,23.14528,72.55347,19.17192,,,8,03-12-2015 12:08
230,ADI,KHD-CLDY,,514/7,,,,,23.1447,72.55376,19.05,,,9,03-12-2015 12:07
231,ADI,KHD-CLDY,,514/6,,,,,23.1441,72.55407,19.17192,,,11,03-12-2015 12:07
232,ADI,KHD-CLDY,,514/5,,,,,23.14357,72.55433,20.4216,,,10,03-12-2015 12:07
233,ADI,KHD-CLDY,,514/4,,,,,23.14295,72.55464,20.66544,,,10,03-12-2015 12:07
234,ADI,KHD-CLDY,,514/3,,,,,23.1424,72.55491,20.66544,,,9,03-12-2015 12:06
235,ADI,KHD-CLDY,,514/2,,,,,23.14179,72.55523,20.574,,,10,03-12-2015 12:06
236,ADI,KHD-CLDY,,514/1,,,,,23.14121,72.55553,20.69592,,,11,03-12-2015 12:05
237,ADI,KHD-CLDY,,513/19,,,,,23.14066,72.5558,20.63496,,,9,03-12-2015 12:05
238,ADI,KHD-CLDY,,513/18,,,,,23.14013,72.5561,20.45208,,,10,03-12-2015 12:01
239,ADI,KHD-CLDY,,513/17,,,,,23.13944,72.55642,19.29384,,,9,03-12-2015 11:59
240,ADI,KHD-CLDY,,513/16,,,,,23.13891,72.55671,18.92808,,,8,03-12-2015 11:59
241,ADI,KHD-CLDY,,513/15,,,,,23.13838,72.55696,19.17192,,,9,03-12-2015 11:59
242,ADI,KHD-CLDY,,513/14,,,,,23.13776,72.55729,18.83664,,,9,03-12-2015 11:58
243,ADI,KHD-CLDY,,513/13,,,,,23.13722,72.55755,19.2024,,,10,03-12-2015 11:58
244,ADI,KHD-CLDY,,513/12,,,,,23.13684,72.55772,19.47672,,,9,03-12-2015 11:58
245,ADI,KHD-CLDY,,513/11,,,,,23.13644,72.5579,19.5072,,,9,03-12-2015 11:57
246,ADI,KHD-CLDY,,513/10,,,,,23.13602,72.55803,19.75104,,,10,03-12-2015 11:57
247,ADI,KHD-CLDY,,513/9,,,,,23.13567,72.55812,19.87296,,,10,03-12-2015 11:57
248,ADI,KHD-CLDY,,513/8,,,,,23.13537,72.55817,19.75104,,,10,03-12-2015 11:56
249,ADI,KHD-CLDY,,513/7,,,,,23.13493,72.55821,19.5072,,,10,03-12-2015 11:56
250,ADI,KHD-CLDY,,513/6,,,,,23.13455,72.55822,19.11096,,,10,03-12-2015 11:56
251,ADI,KHD-CLDY,,513/5,,,,,23.13415,72.5582,18.98904,,,9,03-12-2015 11:56
252,ADI,KHD-CLDY,,513/4,,,,,23.13384,72.55818,18.83664,,,10,03-12-2015 11:55
253,ADI,KHD-CLDY,,513/3,,,,,23.13348,72.55813,18.5928,,,10,03-12-2015 11:55
254,ADI,KHD-CLDY,,513/2,,,,,23.13327,72.55807,19.47672,,,9,03-12-2015 11:50
255,ADI,KHD-CLDY,,513/1,,,,,23.13295,72.55797,19.56816,,,9,03-12-2015 11:51
256,ADI,KHD-CLDY,,512/19,,,,,23.13261,72.55784,19.44624,,,10,03-12-2015 11:49
257,ADI,KHD-CLDY,,512/18,,,,,23.13231,72.55769,19.23288,,,10,03-12-2015 11:53
258,ADI,KHD-CLDY,,512/17,,,,,23.13206,72.55755,19.01952,,,10,03-12-2015 11:53
259,ADI,KHD-CLDY,,512/15,,,,,23.13128,72.55709,19.93392,,,9,03-12-2015 11:48
260,ADI,KHD-CLDY,,512/14,,,,,23.13098,72.55687,20.2692,,,9,03-12-2015 11:48
261,ADI,KHD-CLDY,,512/13,,,,,23.13055,72.55658,20.75688,,,9,03-12-2015 11:44
262,ADI,KHD-CLDY,,512/12,,,,,23.13003,72.55623,19.812,,,9,03-12-2015 11:42
263,ADI,KHD-CLDY,,512/11,,,,,23.12959,72.55595,19.99488,,,9,03-12-2015 11:41
264,ADI,KHD-CLDY,,512/10,,,,,23.1291,72.55563,20.33016,,,9,03-12-2015 11:40
265,ADI,KHD-CLDY,,512/9,,,,,23.12866,72.55531,20.2692,,,9,03-12-2015 11:40
266,ADI,KHD-CLDY,,512/8,,,,,23.1282,72.55499,20.02536,,,9,03-12-2015 11:39
267,ADI,KHD-CLDY,,512/7,,,,,23.12778,72.55473,20.60448,,,10,03-12-2015 11:39
268,ADI,KHD-CLDY,,512/6,,,,,23.12733,72.55448,20.51304,,,10,03-12-2015 11:38
269,ADI,KHD-CLDY,,512/5,,,,,23.12686,72.55424,20.69592,,,10,03-12-2015 11:37
270,ADI,KHD-CLDY,,512/4,,,,,23.12637,72.55402,21.06168,,,10,03-12-2015 11:37
271,ADI,KHD-CLDY,,512/3,,,,,23.12589,72.55381,21.06168,,,10,03-12-2015 11:36
272,ADI,KHD-CLDY,,512/2,,,,,23.1254,72.55361,21.57984,,,9,03-12-2015 11:36
273,ADI,KHD-CLDY,,512/1,,,,,23.12486,72.55342,20.90928,,,10,03-12-2015 11:35
274,ADI,KHD-CLDY,,511/15,,,,,23.12427,72.55321,21.12264,,,10,03-12-2015 11:34
275,ADI,KHD-CLDY,,511/14,,,,,23.12371,72.553,20.8788,,,10,03-12-2015 11:34
276,ADI,KHD-CLDY,,511/13,,,,,23.12316,72.55279,20.48256,,,10,03-12-2015 11:33
277,ADI,KHD-CLDY,,511/12,,,,,23.12263,72.55258,20.45208,,,10,03-12-2015 11:32
278,ADI,KHD-CLDY,,511/11,,,,,23.12213,72.55241,20.8788,,,10,03-12-2015 11:32
279,ADI,KHD-CLDY,,511/10,,,,,23.12166,72.55225,20.45208,,,10,03-12-2015 11:31
280,ADI,KHD-CLDY,,511/9,,,,,23.12121,72.55213,20.4216,,,10,03-12-2015 11:30
281,ADI,KHD-CLDY,,511/8,,,,,23.12071,72.552,20.4216,,,10,03-12-2015 11:30
282,ADI,KHD-CLDY,,511/7,,,,,23.1202,72.55189,20.39112,,,10,03-12-2015 11:29
283,ADI,KHD-CLDY,,511/6,,,,,23.1196,72.55176,20.48256,,,11,03-12-2015 11:28
284,ADI,KHD-CLDY,,511/5,,,,,23.11896,72.55164,20.4216,,,11,03-12-2015 11:27
285,ADI,KHD-CLDY,,511/4,,,,,23.11831,72.55152,19.56816,,,10,03-12-2015 11:27
286,ADI,KHD-CLDY,,511/3,,,,,23.11766,72.55138,19.62912,,,10,03-12-2015 11:26
287,ADI,KHD-CLDY,,511/2,,,,,23.11703,72.55125,19.47672,,,10,03-12-2015 11:25
288,ADI,KHD-CLDY,,511/1,,,,,23.11638,72.55112,19.72056,,,9,03-12-2015 00:00
289,ADI,KHD-CLDY,,510/15,,,,,23.11574,72.55099,19.44624,,,9,03-12-2015 11:23
290,ADI,KHD-CLDY,,510/14,,,,,23.11518,72.55086,19.29384,,,9,03-12-2015 11:23
291,ADI,KHD-CLDY,,510/13,,,,,23.1146,72.55073,20.45208,,,10,03-12-2015 11:22
292,ADI,KHD-CLDY,,510/12,,,,,23.11408,72.55058,20.60448,,,10,03-12-2015 11:22
293,ADI,KHD-CLDY,,510/11,,,,,23.11349,72.55039,20.2692,,,9,03-12-2015 11:21
294,ADI,KHD-CLDY,,510/10,,,,,23.11292,72.55017,20.33016,,,9,03-12-2015 11:21
295,ADI,KHD-CLDY,,510/9,,,,,23.1124,72.54995,20.69592,,,8,03-12-2015 11:21
296,ADI,KHD-CLDY,,510/8,,,,,23.11177,72.54974,20.75688,,,10,03-12-2015 11:20
297,ADI,KHD-CLDY,,510/7,,,,,23.11108,72.54948,20.63496,,,9,03-12-2015 11:20
298,ADI,KHD-CLDY,,510/6,,LC GATE,,,23.11055,72.54927,21.39696,,,11,03-12-2015 00:00
299,ADI,KHD-CLDY,,510/5,,,,,23.10998,72.54907,21.76272,,,11,03-12-2015 11:13
300,ADI,KHD-CLDY,,510/4,,,,,23.10934,72.54883,21.73224,,,11,03-12-2015 11:13
301,ADI,KHD-CLDY,,510/3,,,,,23.10875,72.54861,21.30552,,,11,03-12-2015 11:12
302,ADI,KHD-CLDY,,510/2,,,,,23.10809,72.54838,20.60448,,,9,03-12-2015 11:11
303,ADI,KHD-CLDY,,510/1,,,,,23.1075,72.54815,20.20824,,,9,03-12-2015 11:11
304,ADI,KHD-CLDY,,509/14,,,,,23.10694,72.54794,18.80616,,,10,03-12-2015 11:10
305,ADI,KHD-CLDY,,509/13,,,,,23.10632,72.54772,18.1356,,,10,03-12-2015 11:04
306,ADI,KHD-CLDY,,509/12,,,,,23.10574,72.5475,18.22704,,,10,03-12-2015 11:03
307,ADI,KHD-CLDY,,509/11,,,,,23.10508,72.54726,17.61744,,,10,03-12-2015 11:03
308,ADI,KHD-CLDY,,509/10,,,,,23.10448,72.54704,18.04416,,,11,03-12-2015 11:02
309,ADI,KHD-CLDY,,509/9,,,,,23.10385,72.5468,17.95272,,,10,03-12-2015 11:02
310,ADI,KHD-CLDY,,509/8,,,,,23.1033,72.54659,18.53184,,,9,03-12-2015 11:01
311,ADI,KHD-CLDY,,509/7,,,,,23.10272,72.54637,18.77568,,,9,03-12-2015 11:01
312,ADI,KHD-CLDY,,509/6,,,,,23.10206,72.54612,18.65376,,,9,03-12-2015 11:00
313,ADI,KHD-CLDY,,509/5,,,,,23.10151,72.54591,18.92808,,,10,03-12-2015 11:00
314,ADI,KHD-CLDY,,509/4,,,,,23.10088,72.54566,19.69008,,,10,03-12-2015 00:00
315,ADI,KHD-CLDY,,509/3,,,,,23.10022,72.54541,19.78152,,,9,03-12-2015 10:58
316,ADI,KHD-CLDY,,509/2,,,,,23.09973,72.54524,18.92808,,,9,03-12-2015 10:58
317,ADI,KHD-CLDY,,509/1,,,,,23.09917,72.54504,19.05,,,9,03-12-2015 10:57
318,ADI,KHD-CLDY,,508/15,,,,,23.09863,72.54484,19.47672,,,10,03-12-2015 10:57
319,ADI,KHD-CLDY,,508/14,,,,,23.09812,72.54463,19.69008,,,10,03-12-2015 10:56
320,ADI,KHD-CLDY,,508/13,,,,,23.09752,72.5444,19.90344,,,11,03-12-2015 10:56
321,ADI,KHD-CLDY,,508/12,,,,,23.09692,72.54418,19.78152,,,11,03-12-2015 10:55
322,ADI,KHD-CLDY,,508/11,,,,,23.09625,72.54393,19.62912,,,11,03-12-2015 10:55
323,ADI,KHD-CLDY,,508/10,,,,,23.09568,72.5437,19.75104,,,11,03-12-2015 10:54
324,ADI,KHD-CLDY,,508/9,,,,,23.09503,72.54348,18.65376,,,11,03-12-2015 10:54
325,ADI,KHD-CLDY,,508/8,,,,,23.09444,72.54325,19.32432,,,9,03-12-2015 10:51
326,ADI,KHD-CLDY,,508/7,,,,,23.09388,72.54305,19.75104,,,10,03-12-2015 10:50
327,ADI,KHD-CLDY,,508/6,,,,,23.0932,72.54278,20.23872,,,11,03-12-2015 10:49
328,ADI,KHD-CLDY,,508/5,,,,,23.09264,72.54258,19.84248,,,10,03-12-2015 10:49
329,ADI,KHD-CLDY,,508/4,,,,,23.0912,72.54204,20.29968,,,11,03-12-2015 10:48
330,ADI,KHD-CLDY,,508/1,,,,,23.09056,72.54181,19.99488,,,10,03-12-2015 10:47
331,ADI,KHD-CLDY,,507/20,,,,,23.09001,72.5416,19.9644,,,11,03-12-2015 10:47
332,ADI,KHD-CLDY,,507/19,,,,,23.0894,72.54137,19.56816,,,11,03-12-2015 10:46
