Record ID,DIVISION ,SectionID,PWI ,OHEMas,OHE Feature ,Eng Feature,,,Latitude,Longitude,Altitude,,,Satellites
1,BRC,ND - GTE,,450/10,ACA,,,,22.697051,72.854218,-28.24977,,,4
2,BRC,ND - GTE,,450/12A,,,,,22.6974,72.853899,-16.41957,,,4
3,BRC,ND - GTE,,450/14,,,,,22.69772,72.853628,-13.73895,,,4
4,BRC,ND - GTE,,450/16,,,,,22.698017,72.853377,-16.21301,,,4
5,BRC,ND - GTE,,450/18,,,,,22.698425,72.853034,-17.33742,,,4
6,BRC,ND - GTE,,450/20,,,,,22.698811,72.852719,-16.35745,,,4
7,BRC,ND - GTE,,450/20 A,,ROB,,,22.69924,72.852368,-15.63156,,,4
8,BRC,ND - GTE,,450/24,BWA,ROB,,,22.69954,72.85212,-15.07903,,,4
9,BRC,ND - GTE,,450/24A,SM 144A  IOL,SEJ -19,,,22.699869,72.85184,-14.78022,,,4
10,BRC,ND - GTE,,450/26,SM 144A  IOL,,,,22.700251,72.85152,-14.00897,,,4
11,BRC,ND - GTE,,450/30,BWA,,,,22.700769,72.851095,-14.20005,,,4
12,BRC,ND - GTE,,450/34,,,,,22.701291,72.850656,-14.32072,,,4
13,BRC,ND - GTE,,450/36,,,,,22.70168,72.850335,-15.14658,,,4
14,BRC,ND - GTE,,450/36A,,,,,22.70192,72.850142,-16.12848,,,4
15,BRC,ND - GTE,,450/38,,,,,22.702328,72.849803,-16.9758,,,4
16,BRC,ND - GTE,,451/02,X-O No 116,,,,22.702823,72.849399,-16.52922,,,4
17,BRC,ND - GTE,,451/04,,,,,22.703305,72.849005,-17.17005,,,4
18,BRC,ND - GTE,,451/06,BWA,LC - 275,,,22.703754,72.848633,-13.08544,,,4
19,BRC,ND - GTE,,451/08,ACA,LC - 275,,,22.7042,72.848267,-17.30214,,,4
20,BRC,ND - GTE,,451/12,ACC,,,,22.704696,72.847847,-17.65403,,,4
21,BRC,ND - GTE,,451/14,ACA,,,,22.705034,72.847572,-17.27869,,,4
22,BRC,ND - GTE,,451/16,,,,,22.705521,72.847182,-19.09898,,,4
23,BRC,ND - GTE,,451/18,,,,,22.706045,72.846751,-18.78789,,,4
24,BRC,ND - GTE,,451/20,,Signal  B-37,,,22.706483,72.846367,-17.88375,,,4
25,BRC,ND - GTE,,451/22,,SEJ - 20,,,22.707008,72.84594,-16.68864,,,4
26,BRC,ND - GTE,,451/24,,,,,22.707525,72.845516,-17.18286,,,4
27,BRC,ND - GTE,,451/24 A,BWA,SEJ No 1 DN,,,22.707899,72.845208,-15.71104,,,4
28,BRC,ND - GTE,,451/26,UIOL & 500m C/B,,,,22.708305,72.84488,-15.63828,,,4
29,BRC,ND - GTE,,451/28,UIOL BT,,,,22.708541,72.844683,-15.3304,,,4
30,BRC,ND - GTE,,451/30,BWA,,,,22.709043,72.844262,-16.13281,,,4
31,BRC,ND - GTE,,452/02,250m  C/B,,,,22.709581,72.84381,-17.2591,,,4
32,BRC,ND - GTE,,452/04,,,,,22.710098,72.843385,-17.61456,,,4
33,BRC,ND - GTE,,452/06,,,,,22.710609,72.842971,-17.36258,,,4
34,BRC,ND - GTE,,452/08,FTA,,,,22.711054,72.842598,-16.96581,,,4
35,BRC,ND - GTE,,452/10,GTE/SP NS O/L,,,,22.71152,72.842225,-16.95801,,,4
36,BRC,ND - GTE,,452/12,GTE/SP NS O/L,,,,22.711949,72.841866,-17.25793,,,4
37,BRC,ND - GTE,,452/14,GTE/SP PTFE NS ,,,,22.712482,72.841404,-17.04215,,,4
38,BRC,ND - GTE,,452/16,DJ  CLOSE,,,,22.712986,72.84099,-17.52686,,,4
39,BRC,ND - GTE,,452/18,BWA,S-45220,,,22.713459,72.840603,-17.4221,,,4
40,BRC,ND - GTE,,452/20,,,,,22.713978,72.840174,-17.224,,,4
41,BRC,ND - GTE,,452/22,FTA,,,,22.714499,72.839741,-17.78471,,,4
42,BRC,ND - GTE,,452/24,MEMU DJ CLOSE ,LC No 276,,,22.714986,72.839339,-18.24561,,,4
43,BRC,ND - GTE,,452/26,UIOL,LC No 276,,,22.715476,72.838926,-17.27167,,,4
44,BRC,ND - GTE,,452/28,BWA,,,,22.71592,72.838568,-17.49212,,,4
45,BRC,ND - GTE,,452/30,,,,,22.716332,72.838227,-17.58935,,,4
46,BRC,ND - GTE,,453/02,,GTE/SP,,,22.716587,72.83801,-17.5998,,,4
47,BRC,ND - GTE,,453/02 A,BWA,,,,22.716885,72.837762,-17.61425,,,4
48,BRC,ND - GTE,,453/02 B,UIOL,,,,22.717183,72.837515,-16.43026,,,4
49,BRC,ND - GTE,,453/04,UIOL,,,,22.717554,72.837203,-16.30946,,,4
50,BRC,ND - GTE,,453/06,BWA,,,,22.718065,72.836778,-16.47773,,,4
51,BRC,ND - GTE,,453/08,,,,,22.718589,72.836347,-16.32027,,,4
52,BRC,ND - GTE,,453/10,,,,,22.719104,72.835916,-16.34385,,,4
53,BRC,ND - GTE,,453/12,,,,,22.71962,72.835481,-17.63214,,,4
54,BRC,ND - GTE,,453/14,,,,,22.720128,72.835058,-18.0478,,,4
55,BRC,ND - GTE,,453/16,,,,,22.720563,72.834702,-18.06789,,,4
56,BRC,ND - GTE,,453/18,ACA,,,,22.721079,72.834288,-18.7763,,,4
57,BRC,ND - GTE,,453/20,ACC,,,,22.721596,72.833891,-18.97434,,,4
58,BRC,ND - GTE,,453/22,ACA,,,,22.722107,72.833474,-17.80353,,,4
59,BRC,ND - GTE,,453/24,,,,,22.722614,72.833052,-18.67145,,,4
60,BRC,ND - GTE,,453/26,,,,,22.723128,72.832625,-18.57859,,,4
61,BRC,ND - GTE,,453/28,AT,,,,22.723577,72.83225,-17.08516,,,4
62,BRC,ND - GTE,,454/02,,S-45404,,,22.724062,72.831855,-17.18733,,,4
63,BRC,ND - GTE,,454/04,,,,,22.724507,72.831488,-15.90212,,,4
64,BRC,ND - GTE,,454/06,,,,,22.725004,72.831062,-14.21401,,,4
65,BRC,ND - GTE,,454/08,BWA,,,,22.725494,72.830652,-8.966595,,,4
66,BRC,ND - GTE,,454/10,UIOL  BT,,,,22.725996,72.830237,-7.459984,,,4
67,BRC,ND - GTE,,454/12,UIOL  BT,,,,22.726523,72.829788,-11.98768,,,4
68,BRC,ND - GTE,,454/14,BWA,,,,22.727045,72.829355,-15.35485,,,4
69,BRC,ND - GTE,,454/16,,LC - 277,,,22.72759,72.828917,-18.86919,,,4
70,BRC,ND - GTE,,454/18,,LC - 277,,,22.728088,72.828446,-23.55832,,,4
71,BRC,ND - GTE,,454/20,ACA,,,,22.728594,72.828046,-27.58686,,,4
72,BRC,ND - GTE,,454/22,ACC,,,,22.72913,72.827611,-30.70709,,,4
73,BRC,ND - GTE,,454/24,ACA,,,,22.729637,72.827182,-31.51982,,,4
74,BRC,ND - GTE,,454/26,,,,,22.730127,72.82678,-31.17828,,,4
75,BRC,ND - GTE,,454/28,,,,,22.730648,72.826347,-31.29291,,,4
76,BRC,ND - GTE,,455/02,,,,,22.731121,72.825951,-30.69037,,,4
77,BRC,ND - GTE,,455/04,BWA,,,,22.73162,72.825535,-30.16783,,,4
78,BRC,ND - GTE,,455/06,UIOL,,,,22.73215,72.825093,-29.59005,,,4
79,BRC,ND - GTE,,455/08,UIOL,,,,22.732654,72.824676,-29.00358,,,4
80,BRC,ND - GTE,,455/10,BWA,,,,22.733172,72.824239,-28.49627,,,4
81,BRC,ND - GTE,,455/12,,S-45514,,,22.733684,72.823817,-29.26065,,,4
82,BRC,ND - GTE,,455/14,,,,,22.734216,72.823376,-28.61044,,,4
83,BRC,ND - GTE,,455/16,,,,,22.73472,72.822964,-28.35835,,,4
84,BRC,ND - GTE,,455/18,,,,,22.735249,72.822524,-28.51876,,,4
85,BRC,ND - GTE,,455/20,,LC - 278,,,22.735784,72.82208,-27.93711,,,4
86,BRC,ND - GTE,,455/22,,LC - 278,,,22.736265,72.821678,-27.59081,,,4
87,BRC,ND - GTE,,455/24,,,,,22.736779,72.821255,-28.63033,,,4
88,BRC,ND - GTE,,455/26,,,,,22.737295,72.820821,-29.08783,,,4
89,BRC,ND - GTE,,455/28,ACA,,,,22.737807,72.820398,-29.03987,,,4
90,BRC,ND - GTE,,456/02,ACC,,,,22.738283,72.820008,-29.2028,,,4
91,BRC,ND - GTE,,456/04,ACA,Curve No 1,,,22.738775,72.819591,-28.61475,,,4
92,BRC,ND - GTE,,456/06,,Curve No 1,,,22.739243,72.819198,-27.84698,,,4
93,BRC,ND - GTE,,456/08,,Curve No 1,,,22.739646,72.818857,-28.88951,,,4
94,BRC,ND - GTE,,456/10,,Curve No 1,,,22.740072,72.818488,-28.36865,,,4
95,BRC,ND - GTE,,456/12,,,,,22.740529,72.818087,-27.632,,,4
96,BRC,ND - GTE,,456/14,,S-45616,,,22.740961,72.817708,-27.43854,,,4
97,BRC,ND - GTE,,456/16,,,,,22.741413,72.817305,-26.24131,,,4
98,BRC,ND - GTE,,456/18,,,,,22.741848,72.816931,-26.19446,,,4
99,BRC,ND - GTE,,456/20,,,,,22.742297,72.816535,-25.14912,,,4
100,BRC,ND - GTE,,456/22,,,,,22.742718,72.816161,-24.99327,,,4
101,BRC,ND - GTE,,456/24,BWA,,,,22.743143,72.81579,-23.97663,,,4
102,BRC,ND - GTE,,456/26,UIOL,Curve No 2,,,22.74352,72.81546,-23.08426,,,4
103,BRC,ND - GTE,,456/28,UIOL,Curve No 2,,,22.743867,72.815155,-22.26382,,,4
104,BRC,ND - GTE,,456/30,BWA,Curve No 2,,,22.744218,72.814845,-22.01637,,,4
105,BRC,ND - GTE,,456/32,,Curve No 2,,,22.744562,72.814552,-20.86497,,,4
106,BRC,ND - GTE,,456/34,,SHEDHI Br -681,,,22.74497,72.814215,-20.01122,,,4
107,BRC,ND - GTE,,457/02,,SHEDHI Br -681,,,22.745332,72.813915,-20.18622,,,4
108,BRC,ND - GTE,,457/04,,SHEDHI Br -681,,,22.745608,72.8137,-20.92093,,,4
109,BRC,ND - GTE,,457/06,ACA,SHEDHI Br -681,,,22.745896,72.81347,-21.7018,,,4
110,BRC,ND - GTE,,457/08,ACC,SHEDHI Br -681,,,22.746234,72.813175,-21.34061,,,4
111,BRC,ND - GTE,,457/10,ACA,SHEDHI Br -681,,,22.74665,72.812827,-21.58778,,,4
112,BRC,ND - GTE,,457/12,ACA,,,,22.747071,72.812481,-21.76736,,,4
113,BRC,ND - GTE,,457/14,,,,,22.747535,72.812088,-21.88538,,,4
114,BRC,ND - GTE,,457/16,,,,,22.747954,72.81175,-22.32496,,,4
115,BRC,ND - GTE,,457/18,,,,,22.748426,72.811354,-22.79634,,,4
116,BRC,ND - GTE,,457/20,BWA,,,,22.748883,72.810969,-22.88956,,,4
117,BRC,ND - GTE,,457/22,SM 144A & IOL,Curve No 3,,,22.749327,72.810601,-23.36172,,,4
118,BRC,ND - GTE,,457/24,SM 144A - IOL & BWAB,Curve No 3,,,22.749803,72.810201,-22.82668,,,4
119,BRC,ND - GTE,,457/26,BWA & UIOL,Curve No 3,,,22.750264,72.809826,-22.25845,,,4
120,BRC,ND - GTE,,457/28,X-O No 102,Curve No 3,,,22.750755,72.809457,-23.14161,,,4
121,BRC,ND - GTE,,457/30,UIOL,Curve No 3,,,22.751219,72.809104,-22.70322,,,4
122,BRC,ND - GTE,,457/32,T-O No 103,Curve No 3,,,22.751737,72.808724,-21.67148,,,4
123,BRC,ND - GTE,,457/34,,Curve No 3 & Coasting,,,22.752171,72.808398,-21.65796,,,4
124,BRC,ND - GTE,,458/02,,Curve No 3 ,,,22.752627,72.808048,-21.53608,,,4
125,BRC,ND - GTE,,458/04,,Curve No 3 & S-5,,,22.75302,72.807734,-21.04862,,,4
126,BRC,ND - GTE,,458/06,,,,,22.753418,72.807415,-20.54422,,,4
127,BRC,ND - GTE,,458/08,ACA,,,,22.753806,72.807093,-19.66723,,,4
128,BRC,ND - GTE,,458/10,ACA M/L,,,,22.754273,72.806704,-20.51225,,,4
129,BRC,ND - GTE,,458/14,ACC M/L & ACA LOOP,SEJ - 4,,,22.754755,72.806301,-20.87572,,,4
130,BRC,ND - GTE,,458/16,,,,,22.755066,72.806045,-20.29161,,,4
131,BRC,ND - GTE,,458/18,,,,,22.755257,72.805876,-20.16014,,,4
132,BRC,ND - GTE,,458/20,AT,,,,22.755571,72.805617,-18.98772,,,4
133,BRC,ND - GTE,,458/22,,SEJ No 5,,,22.756002,72.805262,-18.93873,,,4
134,BRC,ND - GTE,,458/24,,,,,22.756442,72.804894,-18.56131,,,4
135,BRC,ND - GTE,,458/26,,,,,22.756877,72.804534,-18.72294,,,4
136,BRC,ND - GTE,,458/28,T-O No 114,,,,22.757252,72.804222,-18.86909,,,4
137,BRC,ND - GTE,,458/30,FTA,GTE,,,22.757706,72.803842,-19.31572,,,4
138,BRC,ND - GTE,,458/32,BWA,GTE,,,22.758158,72.803471,-19.61293,,,4
139,BRC,ND - GTE,,458/34,X-O No 119 & BWA,GTE,,,22.758632,72.803081,-20.05285,,,4
140,BRC,ND - GTE,,458/36,IOL SM 146,GTE  ASM,,,22.759076,72.802703,-17.99769,,,4
141,BRC,GTE - MHD,,459/02,SM 146 & IOL,GTE,,,22.7595,72.802343,-17.96305,,,4
142,BRC,GTE - MHD,,459/04,BWA,GTE,,,22.760022,72.801922,-18.54311,,,4
143,BRC,GTE - MHD,,459/06,,GTE,,,22.760541,72.801494,-17.92569,,,4
144,BRC,GTE - MHD,,459/08,,S-39,,,22.761027,72.801083,-16.78366,,,4
145,BRC,GTE - MHD,,459/10,,SEJ - 6 & LC No 282,,,22.761552,72.800645,-16.05027,,,4
146,BRC,GTE - MHD,,459/12,,LC No 282,,,22.761939,72.800322,-15.55139,,,4
147,BRC,GTE - MHD,,459/14,,,,,22.762227,72.800079,-15.32598,,,4
148,BRC,GTE - MHD,,459/18,ACA,,,,22.762546,72.799816,-15.44695,,,4
149,BRC,GTE - MHD,,459/20,ACC,,,,22.762923,72.799511,-14.84966,,,4
150,BRC,GTE - MHD,,459/22,ACA,SEJ - 7,,,22.763244,72.799238,-14.60126,,,4
151,BRC,GTE - MHD,,459/24,,,,,22.763659,72.798891,-14.84344,,,4
152,BRC,GTE - MHD,,459/24A,,,,,22.76417,72.798473,-15.63495,,,4
153,BRC,GTE - MHD,,459/26,,,,,22.764441,72.798253,-15.32349,,,4
154,BRC,GTE - MHD,,459/28,,,,,22.764852,72.797908,-15.44662,,,4
155,BRC,GTE - MHD,,459/30,,S-45932,,,22.765228,72.797593,-15.31401,,,4
156,BRC,GTE - MHD,,459/32,BWA,,,,22.765735,72.797171,-15.01534,,,4
157,BRC,GTE - MHD,,459/34,UIOL,LC No 284,,,22.76627,72.796727,-15.18974,,,4
158,BRC,GTE - MHD,,460/02,UIOL,LC No 284,,,22.766789,72.796298,-15.30838,,,4
159,BRC,GTE - MHD,,460/04,BWA,,,,22.767298,72.795882,-15.07819,,,4
160,BRC,GTE - MHD,,460/06,,,,,22.767813,72.795446,-15.1949,,,4
161,BRC,GTE - MHD,,460/08,,,,,22.768315,72.795033,-15.52893,,,4
162,BRC,GTE - MHD,,460/10,,,,,22.76882,72.794612,-15.25697,,,4
163,BRC,GTE - MHD,,460/12,,,,,22.769351,72.794164,-15.47472,,,4
164,BRC,GTE - MHD,,460/14,,,,,22.769875,72.793736,-15.1164,,,4
165,BRC,GTE - MHD,,460/16,,,,,22.770393,72.7933,-15.20686,,,4
166,BRC,GTE - MHD,,460/18,ACA,46020,,,22.770883,72.79289,-14.92464,,,4
167,BRC,GTE - MHD,,460/20,ACC,,,,22.771406,72.792457,-14.73153,,,4
168,BRC,GTE - MHD,,460/22,ACA,LC No 285,,,22.771998,72.791972,-14.33681,,,4
169,BRC,GTE - MHD,,460/24,Splice,LC No 285,,,22.772434,72.791608,-14.09472,,,4
170,BRC,GTE - MHD,,460/26,,,,,22.772959,72.79117,-13.99303,,,4
171,BRC,GTE - MHD,,460/28,,,,,22.773446,72.790762,-14.48221,,,4
172,BRC,GTE - MHD,,461/02,,,,,22.773951,72.790348,-15.73247,,,4
173,BRC,GTE - MHD,,461/04,,,,,22.774466,72.789924,-15.27361,,,4
174,BRC,GTE - MHD,,461/06,BWA,,,,22.77499,72.789489,-15.22359,,,4
175,BRC,GTE - MHD,,461/08,UIOL,,,,22.775501,72.789059,-15.00357,,,4
176,BRC,GTE - MHD,,461/10,UIOL,,,,22.776017,72.788635,-14.60378,,,4
177,BRC,GTE - MHD,,461/12,BWA,,,,22.77654,72.788203,-14.91795,,,4
178,BRC,GTE - MHD,,461/14,,Curve No 5,,,22.777058,72.787775,-14.77969,,,4
179,BRC,GTE - MHD,,461/16,,Curve No 5,,,22.77757,72.787358,-11.59687,,,4
180,BRC,GTE - MHD,,461/18,,Curve No 5,,,22.778046,72.786938,-10.69492,,,4
181,BRC,GTE - MHD,,461/20,,Curve No 5,,,22.778486,72.786542,-11.01152,,,4
182,BRC,GTE - MHD,,461/22,,Curve No 5 & S-46124,,,22.778989,72.786082,-10.95854,,,4
183,BRC,GTE - MHD,,461/24,,Curve No 6,,,22.779439,72.78566,-11.12278,,,4
184,BRC,GTE - MHD,,461/26,,Curve No 6,,,22.779899,72.785236,-10.32703,,,4
185,BRC,GTE - MHD,,461/28,,Curve No 6,,,22.780314,72.784859,-9.558594,,,4
186,BRC,GTE - MHD,,461/30,,Curve No 6,,,22.780785,72.784449,-8.348782,,,4
187,BRC,GTE - MHD,,462/02,ACA,Curve No 6,,,22.781258,72.784043,-7.751781,,,4
188,BRC,GTE - MHD,,462/04,ACC,MALKANA Br 686,,,22.781684,72.783686,-7.831303,,,4
189,BRC,GTE - MHD,,462/06,ACA,MALKANA Br 686,,,22.782095,72.783344,-7.312603,,,4
190,BRC,GTE - MHD,,462/08,,MALKANA Br 686,,,22.782388,72.783101,-8.297989,,,4
191,BRC,GTE - MHD,,462/10,,,,,22.782675,72.782865,-9.845943,,,4
192,BRC,GTE - MHD,,462/12,,,,,22.783069,72.782533,-9.612595,,,4
193,BRC,GTE - MHD,,462/14,Cosing,Curve 7,,,22.783528,72.782163,-9.43335,,,4
194,BRC,GTE - MHD,,462/16,,Curve 7,,,22.783976,72.781805,-10.03268,,,4
195,BRC,GTE - MHD,,462/18,,Curve 7,,,22.784457,72.781442,-10.79128,,,4
196,BRC,GTE - MHD,,462/18A,BWA,Curve 7,,,22.784915,72.781092,-10.40271,,,4
197,BRC,GTE - MHD,,462/20,UIOL,Curve 8,,,22.785345,72.780779,-10.10558,,,4
198,BRC,GTE - MHD,,462/20A,UIOL,Curve 8,,,22.785852,72.780409,-10.49861,,,4
199,BRC,GTE - MHD,,462/22,BWA & AT,Curve 8,,,22.786282,72.780088,-10.77337,,,4
200,BRC,GTE - MHD,,462/24,,Curve 8,,,22.786738,72.779724,-10.74475,,,4
201,BRC,GTE - MHD,,462/26,,Curve 8,,,22.787249,72.779308,-10.37003,,,4
202,BRC,GTE - MHD,,462/28,,Curve 8 end,,,22.787718,72.778916,-8.446754,,,4
203,BRC,GTE - MHD,,463/02,,,,,22.788226,72.77849,-9.625881,,,4
204,BRC,GTE - MHD,,463/04,,,,,22.788724,72.778077,-9.5872,,,4
205,BRC,GTE - MHD,,463/06,,S-46308,,,22.789222,72.777668,-9.809315,,,4
206,BRC,GTE - MHD,,463/08,ACA,,,,22.78974,72.777236,-9.325878,,,4
207,BRC,GTE - MHD,,463/10,ACC,,,,22.79025,72.776813,-9.740273,,,4
208,BRC,GTE - MHD,,463/12,ACA,,,,22.790773,72.776379,-9.701233,,,4
209,BRC,GTE - MHD,,463/14,,LC No- 286,,,22.791293,72.775941,-10.81835,,,4
210,BRC,GTE - MHD,,463/16,,LC No- 286,,,22.791817,72.77552,-10.64119,,,4
211,BRC,GTE - MHD,,463/18,,,,,22.792327,72.77509,-9.744492,,,4
212,BRC,GTE - MHD,,463/20,,,,,22.792852,72.774661,-9.967896,,,4
213,BRC,GTE - MHD,,463/22,,,,,22.793345,72.774258,-10.43887,,,4
214,BRC,GTE - MHD,,463/24,BWA,,,,22.793862,72.77383,-10.63652,,,4
215,BRC,GTE - MHD,,463/26,UIOL,,,,22.794385,72.77339,-10.68029,,,4
216,BRC,GTE - MHD,,463/28,UIOL,,,,22.794889,72.772967,-9.902992,,,4
217,BRC,GTE - MHD,,464/02,BWA,,,,22.795362,72.772571,-9.897079,,,4
218,BRC,GTE - MHD,,464/04,,,,,22.795893,72.772121,-9.775368,,,4
219,BRC,GTE - MHD,,464/06,,S-46408,,,22.796489,72.771624,-8.54388,,,4
220,BRC,GTE - MHD,,464/08,,,,,22.796901,72.771282,-8.365391,,,4
221,BRC,GTE - MHD,,464/10,,LC No 287,,,22.797435,72.770834,-8.839008,,,4
222,BRC,GTE - MHD,,464/12,,LC No 287,,,22.797944,72.770415,-8.685722,,,4
223,BRC,GTE - MHD,,464/14,,,,,22.798475,72.769975,-8.364822,,,4
224,BRC,GTE - MHD,,464/16,ACA,,,,22.79899,72.769542,-7.822899,,,4
225,BRC,GTE - MHD,,464/18,ACC,,,,22.799498,72.769122,-7.990898,,,4
226,BRC,GTE - MHD,,464/20,ACA,,,,22.800017,72.7687,-7.215382,,,4
227,BRC,GTE - MHD,,464/22,,,,,22.800536,72.768267,-6.644653,,,4
228,BRC,GTE - MHD,,464/24,,,,,22.801058,72.767828,-7.440571,,,4
229,BRC,GTE - MHD,,464/26,,LC No 288,,,22.801548,72.767424,-7.564251,,,4
230,BRC,GTE - MHD,,464/28,,LC No 288,,,22.802083,72.766978,-7.967426,,,4
231,BRC,GTE - MHD,,465/02,,,,,22.802548,72.766594,-7.551796,,,4
232,BRC,GTE - MHD,,465/04,,,,,22.803058,72.766168,-8.383049,,,4
233,BRC,GTE - MHD,,465/06,BWA,,,,22.803579,72.765741,-8.777607,,,4
234,BRC,GTE - MHD,,465/08,UIOL,,,,22.804092,72.765306,-9.479786,,,4
235,BRC,GTE - MHD,,465/10,UIOL,,,,22.804601,72.764885,-9.282623,,,4
236,BRC,GTE - MHD,,465/12,BWA,S-46514,,,22.805117,72.764457,-8.778774,,,4
237,BRC,GTE - MHD,,465/14,,,,,22.80563,72.764034,-8.242535,,,4
238,BRC,GTE - MHD,,465/16,,,,,22.806144,72.763608,-9.3298,,,4
239,BRC,GTE - MHD,,465/18,,,,,22.806683,72.763162,-9.844357,,,4
240,BRC,GTE - MHD,,465/20,,,,,22.807178,72.762754,-9.57877,,,4
241,BRC,GTE - MHD,,465/22,,,,,22.807697,72.762318,-9.023552,,,4
242,BRC,GTE - MHD,,465/24,BWA,LC - 289,,,22.808214,72.761885,-9.396591,,,4
243,BRC,GTE - MHD,,465/26,IOL MHD/FP,LC - 289,,,22.808709,72.761463,-10.21512,,,4
244,BRC,GTE - MHD,,465/28,IOL MHD/FP,,,,22.80925,72.761023,-10.38023,,,4
245,BRC,GTE - MHD,,466/02,FTA,,,,22.809732,72.76063,-10.67593,,,4
246,BRC,GTE - MHD,,466/04,FTA,,,,22.810243,72.760206,-9.881084,,,4
247,BRC,GTE - MHD,,466/06,UIOL,,,,22.810755,72.759781,-9.326504,,,4
248,BRC,GTE - MHD,,466/08,X-O No 101,,,,22.811263,72.759353,-9.20649,,,4
249,BRC,GTE - MHD,,466/10,BWA,,,,22.811738,72.758966,-9.320808,,,4
250,BRC,GTE - MHD,,466/12,UIOL,,,,22.812122,72.758644,-9.210281,,,4
251,BRC,GTE - MHD,,466/14,T-O No 103,S-5,,,22.812557,72.758285,-9.671215,,,4
252,BRC,GTE - MHD,,466/16,AT,,,,22.812989,72.75793,-9.996964,,,4
253,BRC,GTE - MHD,,466/18,,,,,22.813436,72.757551,-10.29282,,,4
254,BRC,GTE - MHD,,466/20,ACA,LC No 290,,,22.813907,72.757159,-8.579357,,,4
255,BRC,GTE - MHD,,466/22,ACC,Curve No 9,,,22.814391,72.756744,-7.816113,,,4
256,BRC,GTE - MHD,,466/24,ACA,Curve No 9 & ROB,,,22.814839,72.756367,-7.313225,,,4
257,BRC,GTE - MHD,,466/26,,SEJ -10 & Curve No 9,,,22.815177,72.756107,-7.598709,,,4
258,BRC,GTE - MHD,,466/28,,Curve No 9,,,22.815469,72.755841,-8.291924,,,4
259,BRC,GTE - MHD,,466/30,,Curve No 9,,,22.815822,72.755524,-8.298801,,,4
260,BRC,GTE - MHD,,466/32,,Curve No 9,,,22.816054,72.755318,-8.252201,,,4
261,BRC,GTE - MHD,,466/34,,Curve No 9,,,22.816317,72.755069,-7.741192,,,4
262,BRC,GTE - MHD,,466/36,,Curve No 9,,,22.816576,72.754816,-8.72496,,,4
263,BRC,GTE - MHD,,467/02,,SEJ - 11 & MHD PF,,,22.816992,72.754406,-13.05677,,,4
264,BRC,GTE - MHD,,467/04,,MHD PF,,,22.817461,72.753971,-14.91753,,,4
265,BRC,GTE - MHD,,467/06,IOL  SM 147,MHD PF,,,22.817868,72.753587,-13.8712,,,4
266,BRC,GTE - MHD,,467/08,IOL  & SM 147,MHD PF,,,22.818336,72.753101,-16.15506,,,4
267,BRC,GTE - MHD,,467/10,T-O No 114,MHD PF,,,22.818801,72.752641,-16.13957,,,4
268,BRC,GTE - MHD,,467/12,BWA,MHD FOB,,,22.819217,72.752216,-16.23632,,,4
269,BRC,GTE - MHD,,467/14,BWA,MHD FOB,,,22.819545,72.75189,-16.79159,,,4
270,BRC,GTE - MHD,,467/16,BWA,MHD PF,,,22.819879,72.751575,-17.95573,,,4
271,BRC,GTE - MHD,,467/16A,X-O No 120,MHD PF,,,22.82019,72.751276,-17.89533,,,4
272,BRC,GTE - MHD,,467/18,UIOL,MHD PF,,,22.820528,72.75095,-18.09785,,,4
273,BRC,GTE - MHD,,467/20,BWA,MHD ,,,22.820817,72.750668,-18.9994,,,4
274,BRC,GTE - MHD,,467/22,,MHD ,,,22.82125,72.750235,-18.1637,,,4
275,BRC,GTE - MHD,,467/24,,S-39,,,22.821674,72.749824,-15.99969,,,4
276,BRC,GTE - MHD,,467/26,,SEJ No 12,,,22.822158,72.749341,-15.221,,,4
277,BRC,GTE - MHD,,467/28,,,,,22.822584,72.748921,-18.04591,,,4
278,BRC,MHD - KANJ,,467/30,,,,,22.822911,72.74861,-18.70607,,,4
279,BRC,MHD - KANJ,,468/02,,LC No 292,,,22.823351,72.748181,-18.16028,,,4
280,BRC,MHD - KANJ,,468/04,,LC No 292,,,22.823752,72.74779,-18.60155,,,4
281,BRC,MHD - KANJ,,468/04A,ACA,,,,22.82412,72.747422,-18.39143,,,4
282,BRC,MHD - KANJ,,468/06,ACC,SEJ No 13,,,22.824506,72.747043,-17.94169,,,4
283,BRC,MHD - KANJ,,468/08,ACA,Curve No 10,,,22.8249,72.746649,-16.54165,,,4
284,BRC,MHD - KANJ,,468/10,,Curve No 10,,,22.825279,72.746248,-16.28932,,,4
285,BRC,MHD - KANJ,,468/12,,Curve No 10,,,22.825636,72.745838,-15.80726,,,4
286,BRC,MHD - KANJ,,468/14,,Curve No 10,,,22.826026,72.74539,-15.9249,,,4
287,BRC,MHD - KANJ,,468/16,,Curve No 11,,,22.826376,72.744989,-17.13269,,,4
288,BRC,MHD - KANJ,,468/18,,Curve No 11,,,22.826699,72.744626,-17.62133,,,4
289,BRC,MHD - KANJ,,468/20,,Curve No 11,,,22.827067,72.744235,-17.50556,,,4
290,BRC,MHD - KANJ,,468/22,BWA,Curve No 11,,,22.827453,72.743854,-17.93001,,,4
291,BRC,MHD - KANJ,,468/24,UIOL,Curve No 11,,,22.827873,72.743443,-17.43774,,,4
292,BRC,MHD - KANJ,,468/26,UIOL,,,,22.828351,72.742975,-17.16635,,,4
293,BRC,MHD - KANJ,,468/28,BWA,,,,22.82879,72.742544,-16.13411,,,4
294,BRC,MHD - KANJ,,468/30,,,,,22.829241,72.742102,-16.55714,,,4
295,BRC,MHD - KANJ,,468/32,,VTRAK B No No 695,,,22.829676,72.741674,-16.73705,,,4
296,BRC,MHD - KANJ,,469/02,,VTRAK B No No 695,,,22.829994,72.741356,-16.85363,,,4
297,BRC,MHD - KANJ,,469/04,,VTRAK B No No 695,,,22.830457,72.740894,-17.47072,,,4
298,BRC,MHD - KANJ,,469/06,,VTRAK B No No 695,,,22.830898,72.740467,-17.8629,,,4
299,BRC,MHD - KANJ,,469/08,,VTRAK B No No 695,,,22.831334,72.740034,-18.64244,,,4
300,BRC,MHD - KANJ,,469/12,,VTRAK B No No 695,,,22.831769,72.739604,-18.6294,,,4
301,BRC,MHD - KANJ,,469/14,Coasting,,,,22.832223,72.739155,-17.54156,,,4
302,BRC,MHD - KANJ,,469/16,ACA,,,,22.832674,72.738711,-17.64991,,,4
303,BRC,MHD - KANJ,,469/18,ACC,S-46920,,,22.833134,72.738259,-17.04951,,,4
304,BRC,MHD - KANJ,,469/20,ACA,Curve No 12,,,22.833568,72.737826,-16.90273,,,4
305,BRC,MHD - KANJ,,469/22,,Curve No 12,,,22.83401,72.737399,-16.57737,,,4
306,BRC,MHD - KANJ,,469/24,,Curve No 12,,,22.834439,72.737009,-11.68451,,,4
307,BRC,MHD - KANJ,,469/26,,LC No 293,,,22.834858,72.736646,-9.612919,,,4
308,BRC,MHD - KANJ,,469/28,,,,,22.835152,72.736394,-9.585384,,,4
309,BRC,MHD - KANJ,,469/30,,Curve No 13,,,22.835528,72.736049,-10.89878,,,4
310,BRC,MHD - KANJ,,469/32,,Curve No 13,,,22.83588,72.735734,-12.723,,,4
311,BRC,MHD - KANJ,,469/34,BWA,Curve No 13,,,22.836231,72.735416,-15.19558,,,4
312,BRC,MHD - KANJ,,469/36,UIOL,Curve No 13,,,22.836562,72.735095,-17.10669,,,4
313,BRC,MHD - KANJ,,470/02,UIOL,,,,22.836947,72.734722,-18.15823,,,4
314,BRC,MHD - KANJ,,470/04,BWA,,,,22.837432,72.734252,-18.49986,,,4
315,BRC,MHD - KANJ,,470/06,,,,,22.837924,72.733769,-19.47006,,,4
316,BRC,MHD - KANJ,,470/08,,,,,22.838389,72.733305,-19.22975,,,4
317,BRC,MHD - KANJ,,470/10,AT,,,,22.838857,72.732839,-19.79885,,,4
318,BRC,MHD - KANJ,,470/12,,,,,22.839338,72.732364,-19.48697,,,4
319,BRC,MHD - KANJ,,470/14,,S-47016,,,22.839845,72.731866,-19.29388,,,4
320,BRC,MHD - KANJ,,470/16,,,,,22.840299,72.73142,-18.82233,,,4
321,BRC,MHD - KANJ,,470/18,FTA,,,,22.840836,72.730895,-18.35745,,,4
322,BRC,MHD - KANJ,,470/20,ACC,,,,22.841279,72.730463,-17.87653,,,4
323,BRC,MHD - KANJ,,470/22,ACA,,,,22.841749,72.729999,-18.39166,,,4
324,BRC,MHD - KANJ,,470/24,,,,,22.842225,72.729523,-19.0825,,,4
325,BRC,MHD - KANJ,,470/26,,,,,22.842727,72.729026,-18.90742,,,4
326,BRC,MHD - KANJ,,470/28,,W/L,,,22.843219,72.728538,-19.29012,,,4
327,BRC,MHD - KANJ,,471/02,,,,,22.843681,72.728086,-18.92653,,,4
328,BRC,MHD - KANJ,,471/04,,NEP  Flag,,,22.84419,72.72758,-19.76847,,,4
329,BRC,MHD - KANJ,,471/06,BWA,NEP  ,,,22.844628,72.727139,-19.08053,,,4
330,BRC,MHD - KANJ,,471/08,UIOL,NEP  ,,,22.845106,72.726678,-18.69309,,,4
331,BRC,MHD - KANJ,,471/10,UIOL,NEP  ,,,22.845603,72.726189,-19.07501,,,4
332,BRC,MHD - KANJ,,471/12,BWA,NEP  ,,,22.846071,72.725734,-19.181,,,4
333,BRC,MHD - KANJ,,471/14,,S-47116,,,22.846515,72.725298,-19.59023,,,4
334,BRC,MHD - KANJ,,471/16,,,,,22.84699,72.724832,-19.48888,,,4
335,BRC,MHD - KANJ,,471/18,,LC No 294,,,22.847471,72.724354,-19.00061,,,4
336,BRC,MHD - KANJ,,471/20,,LC No 294,,,22.847938,72.723886,-17.57323,,,4
337,BRC,MHD - KANJ,,471/22,,,,,22.848432,72.723401,-17.17684,,,4
338,BRC,MHD - KANJ,,471/24,,,,,22.848885,72.722944,-17.24181,,,4
339,BRC,MHD - KANJ,,471/26,ACA,,,,22.849387,72.722453,-16.33383,,,4
340,BRC,MHD - KANJ,,471/28,ACC,,,,22.849846,72.721998,-16.73847,,,4
341,BRC,MHD - KANJ,,472/02,ACA,,,,22.850334,72.721516,-18.14365,,,4
342,BRC,MHD - KANJ,,472/04,,,,,22.850753,72.721095,-17.82317,,,4
343,BRC,MHD - KANJ,,472/06,,,,,22.851203,72.720649,-16.70148,,,4
344,BRC,MHD - KANJ,,472/08,,,,,22.851696,72.720163,-16.90399,,,4
345,BRC,MHD - KANJ,,472/10,,,,,22.85217,72.719701,-16.92288,,,4
346,BRC,MHD - KANJ,,472/12,,,,,22.852639,72.719232,-15.73554,,,4
347,BRC,MHD - KANJ,,472/14,,,,,22.853129,72.71874,-15.03343,,,4
348,BRC,MHD - KANJ,,472/16,,,,,22.853602,72.71828,-14.57266,,,4
349,BRC,MHD - KANJ,,472/18,,,,,22.854088,72.71781,-14.67253,,,4
350,BRC,MHD - KANJ,,472/20,FTA,S-47222,,,22.854579,72.717324,-14.32872,,,4
351,BRC,MHD - KANJ,,472/22,UIOL,,,,22.855042,72.716859,-13.47295,,,4
352,BRC,MHD - KANJ,,472/24,UIOL,,,,22.855462,72.716451,-14.45531,,,4
353,BRC,MHD - KANJ,,472/26,BWA,SEJ No 16,,,22.855871,72.716039,-14.76308,,,4
354,BRC,MHD - KANJ,,472/28,,MESHWA -699,,,22.856256,72.715697,-14.29837,,,4
355,BRC,MHD - KANJ,,472/30,,MESHWA -699,,,22.85664,72.715328,-14.05582,,,4
356,BRC,MHD - KANJ,,473/02,,MESHWA -699,,,22.857003,72.714965,-13.85002,,,4
357,BRC,MHD - KANJ,,473/04,,MESHWA -699,,,22.857266,72.714695,-13.92088,,,4
358,BRC,MHD - KANJ,,473/06,BWA,MESHWA -699,,,22.857652,72.714309,-14.4171,,,4
359,BRC,MHD - KANJ,,473/08,SM 151 IOL,SEJ No 17,,,22.858036,72.713931,-15.16398,,,4
360,BRC,MHD - KANJ,,473/10,SM 151 IOL & BWA,,,,22.858424,72.71354,-16.81166,,,4
361,BRC,MHD - KANJ,,473/12,X-O No 102 & BWA,,,,22.85887,72.713092,-18.68832,,,4
362,BRC,MHD - KANJ,,473/14,,,,,22.859308,72.712656,-18.85081,,,4
363,BRC,MHD - KANJ,,473/16,T-O No 103,,,,22.859732,72.712246,-19.22969,,,4
364,BRC,MHD - KANJ,,473/18,TTB on UP Line,,,,22.860196,72.711787,-18.86017,,,4
365,BRC,MHD - KANJ,,473/20,TTB on UP Line,,,,22.860671,72.711313,-18.46684,,,4
366,BRC,MHD - KANJ,,473/22,,S-5,,,22.861153,72.710828,-19.23269,,,4
367,BRC,MHD - KANJ,,473/24,BWA & AT,,,,22.861566,72.71042,-19.59763,,,4
368,BRC,MHD - KANJ,,473/26,UIOL,,,,22.861906,72.710081,-19.33944,,,4
369,BRC,MHD - KANJ,,473/28,UIOL,,,,22.862348,72.709642,-17.93629,,,4
370,BRC,MHD - KANJ,,473/30,FTA,SEJ No 18,,,22.862756,72.709238,-17.41181,,,4
371,BRC,MHD - KANJ,,473/32,,,,,22.863136,72.708875,-18.70694,,,4
372,BRC,MHD - KANJ,,474/02,,LC No 295,,,22.8634,72.708624,-19.95247,,,4
373,BRC,MHD - KANJ,,474/04,,LC No 295,,,22.863703,72.708328,-20.08879,,,4
374,BRC,MHD - KANJ,,474/04A,ACA on474/24A,SEJ - 19,,,22.863991,72.708015,-16.5199,,,4
375,BRC,MHD - KANJ,,474/05A,ACC,,,,22.864391,72.707644,-18.54073,,,4
376,BRC,MHD - KANJ,,474/08,,,,,22.86474,72.70729,-17.45815,,,4
377,BRC,MHD - KANJ,,474/10,ACA,KANJ,,,22.865118,72.706919,-17.56694,,,4
378,BRC,MHD - KANJ,,474/12,,KANJ,,,22.865539,72.706498,-17.98262,,,4
379,BRC,MHD - KANJ,,474/14,,KANJ,,,22.866026,72.706025,-18.19207,,,4
380,BRC,MHD - KANJ,,474/16,,KANJ,,,22.866522,72.70553,-18.65322,,,4
381,BRC,MHD - KANJ,,474/18,,KANJ,,,22.867027,72.705042,-20.00624,,,4
382,BRC,MHD - KANJ,,474/20,T-O No 114,KANJ,,,22.867485,72.704585,-20.41987,,,4
383,BRC,MHD - KANJ,,474/22,X-O No 119 & BWA,,,,22.867963,72.704111,-21.00041,,,4
384,BRC,KANJ - BJD,,474/24,BWA,,,,22.868431,72.703646,-22.80883,,,4
385,BRC,KANJ - BJD,,474/26,BWA IOL SM 153,,,,22.868907,72.703181,-21.09085,,,4
386,BRC,KANJ - BJD,,474/28, IOL & SM 153,,,,22.869392,72.702708,-21.10234,,,4
387,BRC,KANJ - BJD,,474/30,BWA,,,,22.869821,72.70227,-20.75793,,,4
388,BRC,KANJ - BJD,,475/02,,,,,22.870212,72.701888,-20.34056,,,4
389,BRC,KANJ - BJD,,475/04,,SEJ No 20,,,22.870528,72.701571,-20.30716,,,4
390,BRC,KANJ - BJD,,475/06,,LC -296 & S-39,,,22.870897,72.70121,-20.26512,,,4
391,BRC,KANJ - BJD,,475/08,ACA,LC -296 ,,,22.871203,72.700899,-21.05016,,,4
392,BRC,KANJ - BJD,,475/10,ACC,,,,22.871576,72.700528,-20.76208,,,4
393,BRC,KANJ - BJD,,475/12,ACA,,,,22.871922,72.700195,-22.50309,,,4
394,BRC,KANJ - BJD,,475/14,,SEJ No 21,,,22.872197,72.699917,-23.18138,,,4
395,BRC,KANJ - BJD,,475/16,,,,,22.872545,72.699574,-23.60501,,,4
396,BRC,KANJ - BJD,,475/16A,,,,,22.872962,72.69916,-22.73782,,,4
397,BRC,KANJ - BJD,,475/18,,,,,22.873302,72.698821,-22.64092,,,4
398,BRC,KANJ - BJD,,475/20,,,,,22.873659,72.698475,-22.96401,,,4
399,BRC,KANJ - BJD,,475/22,BWA,,,,22.874024,72.698111,-22.97613,,,4
400,BRC,KANJ - BJD,,475/24,UIOL,,,,22.874515,72.697629,-22.95816,,,4
401,BRC,KANJ - BJD,,475/26,UIOL,,,,22.874995,72.69715,-23.01453,,,4
402,BRC,KANJ - BJD,,475/28,BWA,S-47530,,,22.875467,72.696684,-22.87067,,,4
403,BRC,KANJ - BJD,,475/30,,,,,22.875951,72.696211,-22.96158,,,4
404,BRC,KANJ - BJD,,475/32,,LC No 297,,,22.876446,72.695721,-23.86671,,,4
405,BRC,KANJ - BJD,,476/02,,LC No 297,,,22.876876,72.695292,-24.29403,,,4
406,BRC,KANJ - BJD,,476/04,,,,,22.877354,72.694811,-24.19699,,,4
407,BRC,KANJ - BJD,,476/06,,,,,22.877829,72.69434,-24.71666,,,4
408,BRC,KANJ - BJD,,476/08,,,,,22.878304,72.693883,-24.32433,,,4
409,BRC,KANJ - BJD,,476/10,ACA,,,,22.87879,72.693402,-24.22269,,,4
410,BRC,KANJ - BJD,,476/12,ACC,,,,22.879281,72.69292,-23.65595,,,4
411,BRC,KANJ - BJD,,476/14,ACA,,,,22.879759,72.69245,-23.90493,,,4
412,BRC,KANJ - BJD,,476/16,,,,,22.880241,72.69197,-24.76868,,,4
413,BRC,KANJ - BJD,,476/18,,,,,22.880603,72.691621,-24.91124,,,4
414,BRC,KANJ - BJD,,476/20,,,,,22.88104,72.69119,-24.64154,,,4
415,BRC,KANJ - BJD,,476/22,,,,,22.881493,72.690744,-24.44106,,,4
416,BRC,KANJ - BJD,,476/24,,,,,22.881937,72.6903,-23.9957,,,4
417,BRC,KANJ - BJD,,476/26,,,,,22.882395,72.689843,-23.94351,,,4
418,BRC,KANJ - BJD,,476/28,,,,,22.882876,72.68937,-24.15129,,,4
419,BRC,KANJ - BJD,,476/30,FTA,,,,22.883344,72.688904,-23.97261,,,4
420,BRC,KANJ - BJD,,477/02,UIOL,S-3,,,22.883849,72.688402,-24.26655,,,4
421,BRC,KANJ - BJD,,477/04,UIOL,,,,22.884294,72.68795,-24.74079,,,4
422,BRC,KANJ - BJD,,477/06,BWA,,,,22.88472,72.687532,-24.75146,,,4
423,BRC,KANJ - BJD,,477/08,,,,,22.88508,72.687177,-24.27399,,,4
424,BRC,KANJ - BJD,,477/10,,,,,22.885469,72.686796,-23.77203,,,4
425,BRC,KANJ - BJD,,477/12,,,,,22.885792,72.686467,-23.73654,,,4
426,BRC,KANJ - BJD,,477/14,AT,,,,22.886099,72.686165,-23.35254,,,4
427,BRC,KANJ - BJD,,477/16,BWA,,,,22.886478,72.685789,-23.55785,,,4
428,BRC,KANJ - BJD,,477/18,SM-154 & IOL,,,,22.886915,72.685365,-22.83893,,,4
429,BRC,KANJ - BJD,,477/20,SM-154 - IOL & BWA,,,,22.887351,72.684932,-22.2173,,,4
430,BRC,KANJ - BJD,,477/22,X-O No 108  & BWA,,,,22.887804,72.684488,-22.68721,,,4
431,BRC,KANJ - BJD,,477/24,T-O No 109  & BWA,,,,22.888246,72.684052,-23.05757,,,4
432,BRC,KANJ - BJD,,477/26,,,,,22.88871,72.683588,-22.83106,,,4
433,BRC,KANJ - BJD,,477/28,,,,,22.889128,72.683176,-23.23109,,,4
434,BRC,KANJ - BJD,,477/30,,,,,22.889537,72.682773,-23.55887,,,4
435,BRC,KANJ - BJD,,477/32,,,,,22.889961,72.682355,-23.74612,,,4
436,BRC,KANJ - BJD,,478/02,,S-5,,,22.890416,72.681896,-24.59937,,,4
437,BRC,KANJ - BJD,,478/04,,,,,22.890831,72.681484,-25.19166,,,4
438,BRC,KANJ - BJD,,478/06,,,,,22.891198,72.681128,-25.11285,,,4
439,BRC,KANJ - BJD,,478/08,,SEJ -24,,,22.891627,72.680716,-25.05976,,,4
440,BRC,KANJ - BJD,,478/10,ACA,,,,22.891959,72.680397,-25.7042,,,4
441,BRC,KANJ - BJD,,478/12,ACC,,,,22.892275,72.680063,-27.18989,,,4
442,BRC,KANJ - BJD,,478/16,ACA,SEJ No 25,,,22.892681,72.679665,-26.38678,,,4
443,BRC,KANJ - BJD,,478/18,,,,,22.892945,72.679406,-26.98838,,,4
444,BRC,KANJ - BJD,,478/18A,,,,,22.893256,72.679099,-27.13489,,,4
445,BRC,KANJ - BJD,,478/20,,BJD PF,,,22.893566,72.678791,-28.62475,,,4
446,BRC,KANJ - BJD,,478/22,,BJD PF,,,22.894043,72.678321,-28.70277,,,4
447,BRC,KANJ - BJD,,478/24,,BJD PF,,,22.894504,72.677854,-28.09224,,,4
448,BRC,KANJ - BJD,,478/26,,BJD PF,,,22.894976,72.67738,-28.78865,,,4
449,BRC,KANJ - BJD,,478/28,,BJD  FOB,,,22.895444,72.676927,-28.64822,,,4
450,BRC,KANJ - BJD,,478/30,T-O No 122 & BWA,LC No 299,,,22.895785,72.676584,-27.10349,,,4
451,BRC,KANJ - BJD,,478/32,X-O No 123 & BWA,LC No 299,,,22.896156,72.676224,-25.576,,,4
452,BRC,KANJ - BJD,,478/34,BJD/SSP IOL & BWA,,,,22.896518,72.675861,-24.82333,,,4
453,BRC,BJD - GER,,479/02,BJD/SSP IOL,,,,22.89693,72.675441,-26.88783,,,4
454,BRC,BJD - GER,,479/04,BWA,,,,22.897393,72.674972,-25.59879,,,4
455,BRC,BJD - GER,,479/06,,,,,22.89782,72.674566,-24.76479,,,4
456,BRC,BJD - GER,,479/08,,,,,22.898142,72.674252,-23.81411,,,4
457,BRC,BJD - GER,,479/10,ACA,,,,22.898397,72.673994,-23.81475,,,4
458,BRC,BJD - GER,,479/12,ACC,S-39,,,22.898788,72.673609,-23.6976,,,4
459,BRC,BJD - GER,,479/14,ACA,SEJ No 26,,,22.899268,72.673137,-22.86682,,,4
460,BRC,BJD - GER,,479/16,,,,,22.899611,72.672795,-22.16044,,,4
461,BRC,BJD - GER,,479/18,BWA,,,,22.899949,72.672472,-22.4798,,,4
462,BRC,BJD - GER,,479/20,UIOL,SEJ No 27,,,22.90031,72.672118,-23.68497,,,4
463,BRC,BJD - GER,,479/22,UIOL,,,,22.900719,72.67172,-23.2373,,,4
464,BRC,BJD - GER,,479/24,BWA,,,,22.901133,72.671319,-23.87149,,,4
465,BRC,BJD - GER,,479/26,,,,,22.90161,72.670848,-24.8212,,,4
466,BRC,BJD - GER,,479/28,,,,,22.902106,72.670363,-25.30861,,,4
467,BRC,BJD - GER,,479/30,,,,,22.902576,72.669909,-25.18457,,,4
468,BRC,BJD - GER,,479/32,,,,,22.903065,72.669422,-25.60408,,,4
469,BRC,BJD - GER,,480/02,,,,,22.903542,72.668939,-26.17745,,,4
470,BRC,BJD - GER,,480/04,,,,,22.904018,72.66847,-25.87641,,,4
471,BRC,BJD - GER,,480/06,ACA,,,,22.904508,72.667983,-26.82611,,,4
472,BRC,BJD - GER,,480/08,ACC,,,,22.904982,72.667507,-27.16196,,,4
473,BRC,BJD - GER,,480/10,ACA,,,,22.905463,72.66703,-26.6042,,,4
474,BRC,BJD - GER,,480/12,,,,,22.905942,72.666559,-27.00915,,,4
475,BRC,BJD - GER,,480/14,,,,,22.906399,72.666107,-26.32456,,,4
476,BRC,BJD - GER,,480/16,,S-48018,,,22.906885,72.665625,-24.89579,,,4
477,BRC,BJD - GER,,480/18,,,,,22.907369,72.665145,-24.05902,,,4
478,BRC,BJD - GER,,480/20,,,,,22.907849,72.664689,-27.66766,,,4
479,BRC,BJD - GER,,480/22,BWA,,,,22.908281,72.664255,-27.93731,,,4
480,BRC,BJD - GER,,480/24,UIOL,,,,22.908752,72.663782,-25.85992,,,4
481,BRC,BJD - GER,,480/26,UIOL,,,,22.909247,72.663283,-24.31944,,,4
482,BRC,BJD - GER,,480/28,BWA,,,,22.909729,72.6628,-22.56721,,,4
483,BRC,BJD - GER,,481/02,BWA,,,,22.910209,72.662323,-21.63504,,,4
484,BRC,BJD - GER,,481/04,UIOL,,,,22.910665,72.661871,-21.9728,,,4
485,BRC,BJD - GER,,481/06,T-O No 101 & BWA,,,,22.911148,72.661396,-22.92257,,,4
486,BRC,BJD - GER,,481/08,SM 156 & IOL,,,,22.911624,72.660922,-23.4113,,,4
487,BRC,BJD - GER,,481/10,SM 156 - IOL & AT,,,,22.912082,72.660464,-24.07323,,,4
488,BRC,BJD - GER,,481/12,FTA,,,,22.912557,72.659992,-25.27855,,,4
489,BRC,BJD - GER,,481/14,,,,,22.913027,72.659522,-25.59325,,,4
490,BRC,BJD - GER,,481/16,,S-5,,,22.913506,72.659043,-26.67469,,,4
491,BRC,BJD - GER,,481/18,,,,,22.914008,72.658545,-26.50859,,,4
492,BRC,BJD - GER,,481/20,,Curve No 6,,,22.914416,72.658142,-24.86699,,,4
493,BRC,BJD - GER,,481/22,,Curve No 6,,,22.914776,72.65776,-24.2938,,,4
494,BRC,BJD - GER,,481/24,,SEJ No 28,,,22.915098,72.657408,-23.48837,,,4
495,BRC,BJD - GER,,481/26,ACA,SEJ No 28,,,22.915503,72.657049,-20.86256,,,4
496,BRC,BJD - GER,,481/28,ACC,SEJ No 29,,,22.915919,72.656596,-19.43421,,,4
497,BRC,BJD - GER,,481/30,ACA,SEJ No 29,,,22.916319,72.656154,-19.39976,,,4
498,BRC,BJD - GER,,482/02,,,,,22.916756,72.655682,-18.35386,,,4
499,BRC,BJD - GER,,482/04,,FOB,,,22.917187,72.655193,-19.44421,,,4
500,BRC,BJD - GER,,482/06,,,,,22.917658,72.654702,-19.36834,,,4
501,BRC,BJD - GER,,482/08,,LC No 300,,,22.918119,72.654197,-19.04576,,,4
502,BRC,BJD - GER,,482/10,,,,,22.91858,72.653693,-17.70828,,,4
503,BRC,BJD - GER,,482/12,BWA,,,,22.919022,72.653211,-17.83367,,,4
504,BRC,BJD - GER,,482/14,UIOL,,,,22.91946,72.652736,-17.49515,,,4
505,BRC,BJD - GER,,482/16,UIOL,,,,22.919892,72.652264,-17.16969,,,4
506,BRC,BJD - GER,,482/18,BWA,S-39,,,22.920327,72.651799,-16.59388,,,4
507,BRC,BJD - GER,,482/20,,,,,22.920801,72.651297,-17.18946,,,4
508,BRC,BJD - GER,,482/22,,,,,22.921246,72.650824,-16.51577,,,4
509,BRC,BJD - GER,,482/24,,,,,22.921717,72.650311,-16.38992,,,4
510,BRC,BJD - GER,,482/26,,,,,22.92218,72.649812,-16.02865,,,4
511,BRC,BJD - GER,,482/28,,,,,22.922657,72.649319,-15.39998,,,4
512,BRC,BJD - GER,,483/02,,,,,22.92312,72.648827,-15.30379,,,4
513,BRC,BJD - GER,,483/04,,,,,22.923587,72.648323,-15.47993,,,4
514,ADI,GER - VTA,,483/06,ACA,,,,22.924018,72.647845,-9.168995,,,4
515,ADI,GER - VTA,,483/08,ACC,,,,22.924503,72.647357,-10.78403,,,4
516,ADI,GER - VTA,,483/10,ACA,,,,22.924968,72.646873,-10.06492,,,4
517,ADI,GER - VTA,,483/12,,S-48314,,,22.925419,72.646376,-9.988815,,,4
518,ADI,GER - VTA,,483/14,,,,,22.925891,72.645842,-12.19493,,,4
519,ADI,GER - VTA,,483/16,,,,,22.926161,72.645561,-13.00621,,,4
520,ADI,GER - VTA,,483/18,,SEJ,,,22.926792,72.644918,-6.712872,,,4
521,ADI,GER - VTA,,483/20,,KHARI BRIDGE,,,22.927217,72.644408,-2.624401,,,4
522,ADI,GER - VTA,,483/22,,KHARI BRIDGE,,,22.927534,72.644072,-5.475468,,,4
523,ADI,GER - VTA,,483/24,BWA,KHARI BRIDGE,,,22.927766,72.643791,-6.135117,,,4
524,ADI,GER - VTA,,483/26,UIOL,,,,22.928118,72.643385,-8.399422,,,4
525,ADI,GER - VTA,,483/28,UIOL,SEJ,,,22.928447,72.642991,-8.780853,,,4
526,ADI,GER - VTA,,483/30,BWA,,,,22.928931,72.642518,-10.21192,,,4
527,ADI,GER - VTA,,483/32,,,,,22.929399,72.642031,-12.95221,,,4
528,ADI,GER - VTA,,484/02,,,,,22.929854,72.64158,-13.76756,,,4
529,ADI,GER - VTA,,484/04,,CURVE-3,,,22.930292,72.64112,-13.595,,,4
530,ADI,GER - VTA,,484/06,AT,CURVE-3,,,22.930679,72.640683,-8.446007,,,4
531,ADI,GER - VTA,,484/08,,CURVE-3,,,22.931093,72.640262,-7.593658,,,4
532,ADI,GER - VTA,,484/10,,CURVE-3,,,22.931543,72.639882,-8.451748,,,4
533,ADI,GER - VTA,,484/12,ACA,CURVE-3,,,22.931976,72.639495,-6.806362,,,4
534,ADI,GER - VTA,,484/14,ACC,CURVE-3,,,22.932444,72.639149,-8.08897,,,4
535,ADI,GER - VTA,,484/16,ACA,CURVE-3,,,22.932915,72.638747,-9.883053,,,4
536,ADI,GER - VTA,,484/18,,CURVE-3,,,22.933358,72.638494,-7.55442,,,4
537,ADI,GER - VTA,,484/20,,CURVE-3,,,22.933837,72.638204,-15.03221,,,4
538,ADI,GER - VTA,,484/22,,CURVE-3 S-A48424,,,22.934308,72.637928,-18.96249,,,4
539,ADI,GER - VTA,,484/24,,CURVE-3 ,,,22.93479,72.63767,-21.39459,,,4
540,ADI,GER - VTA,,484/26,,CURVE-3 ,,,22.935338,72.637427,-15.34101,,,4
541,ADI,GER - VTA,,484/28,,,,,22.935903,72.637168,-14.3049,,,4
542,ADI,GER - VTA,,484/30,,,,,22.936508,72.636907,-10.09559,,,4
543,ADI,GER - VTA,,484/32,BWA,,,,22.937118,72.636655,-5.374161,,,4
544,ADI,GER - VTA,,485/02,UIOL,,,,22.937707,72.636389,-6.03944,,,4
545,ADI,GER - VTA,,485/04,UIOL AT,,,,22.938226,72.636158,-7.587139,,,4
546,ADI,GER - VTA,,485/04 A,BWA,ROB,,,22.938605,72.63599,-7.953117,,,4
547,ADI,GER - VTA,,485/06,,,,,22.938997,72.635735,-12.16506,,,4
548,ADI,GER - VTA,,485/08,,CURVE-4,,,22.939459,72.635627,-9.229595,,,4
549,ADI,GER - VTA,,485/10,,CURVE-4,,,22.940033,72.635393,-11.31249,,,4
550,ADI,GER - VTA,,485/12,,CURVE-4,,,22.940548,72.635196,-11.39692,,,4
551,ADI,GER - VTA,,485/14,,CURVE-4,,,22.941098,72.635008,-11.21196,,,4
552,ADI,GER - VTA,,485/16,ACA,CURVE-4,,,22.94161,72.634826,-14.50005,,,4
553,ADI,GER - VTA,,485/18,ACC,CURVE-4,,,22.942112,72.63469,-18.3355,,,4
554,ADI,GER - VTA,,485/20,ACA,CURVE-4,,,22.942628,72.634571,-14.95958,,,4
555,ADI,GER - VTA,,485/22,,S-A48524,,,22.943261,72.634436,-14.6062,,,4
556,ADI,GER - VTA,,485/24,,,,,22.9439,72.634302,-13.82457,,,4
557,ADI,GER - VTA,,485/26,,,,,22.944535,72.634151,-10.17845,,,4
558,ADI,GER - VTA,,485/28,,CURVE-5,,,22.945156,72.634016,-11.59604,,,4
559,ADI,GER - VTA,,485/30,,CURVE-5,,,22.945746,72.633889,-11.81232,,,4
560,ADI,GER - VTA,,486/2,BWA,CURVE-5,,,22.946387,72.633755,-5.236908,,,4
561,ADI,GER - VTA,,486/04,IOL SM158,CURVE-5,,,22.94701,72.633556,-2.807232,,,4
562,ADI,GER - VTA,,486/06,IOL ,CURVE-5,,,22.947637,72.63339,-2.735958,,,4
563,ADI,GER - VTA,,486/08,BWA,,,,22.948247,72.633202,-10.15931,,,4
564,ADI,GER - VTA,,486/10,,,,,22.948893,72.633008,-10.99716,,,4
565,ADI,GER - VTA,,486/12,,,,,22.949525,72.632809,-7.53331,,,4
566,ADI,GER - VTA,,486/14,BWA&T/O-NO-113,,,,22.95012,72.632605,-5.447327,,,4
567,ADI,GER - VTA,,486/16,BWA-T/O-NO.117,,,,22.950747,72.632401,-9.800823,,,4
568,ADI,GER - VTA,,486/18,X/O-NO-119,,,,22.951366,72.632205,-7.822411,,,4
569,ADI,GER - VTA,,486/20,VTA-STN-AT,S -S5,,,22.951998,72.631991,-11.91664,,,4
570,ADI,GER - VTA,,486/22,,,,,22.952607,72.631779,-12.93224,,,4
571,ADI,GER - VTA,,486/24,FTA,SEJ,,,22.953242,72.631605,-9.095108,,,4
572,ADI,GER - VTA,,486/26,,LC 305,,,22.953783,72.631426,-9.380756,,,4
573,ADI,GER - VTA,,486/28,,,,,22.954245,72.631243,-10.707,,,4
574,ADI,GER - VTA,,486/30,,,,,22.954752,72.631116,-11.22148,,,4
575,ADI,GER - VTA,,487/2,ACA,,,,22.955056,72.631008,-10.02248,,,4
576,ADI,GER - VTA,,487/04,ACC,,,,22.955449,72.630859,-17.85736,,,4
577,ADI,GER - VTA,,487/06,,,,,22.955852,72.630668,-11.52499,,,4
578,ADI,GER - VTA,,487/08,,,,,22.956365,72.630524,10.65283,,,4
579,ADI,GER - VTA,,487/10,,,,,22.956607,72.63043,4.299137,,,4
580,ADI,GER - VTA,,487/12,,VTA-PL-NO-3,,,22.957127,72.630161,1.433121,,,4
581,ADI,GER - VTA,,487/14,T/O-132,VTA-PL-NO-3,,,22.95774,72.629881,1.846886,,,4
582,ADI,GER - VTA,,487/16,SS-184B,VTA-PL-NO-3,,,22.95833,72.629614,-3.565239,,,4
583,ADI,GER - VTA,,487/18,BWA & T/O-138,VTA-PL-NO-3,,,22.95892,72.629333,-3.746685,,,4
584,ADI,VTA - MAN,,487/20,,VTA-PL-3,,,22.959556,72.629001,1.357597,,,4
585,ADI,VTA - MAN,,487/22,BWA,VTA-PL-3,,,22.960113,72.62879,0.4865799,,,4
586,ADI,VTA - MAN,,487/24,BWA,VTA-PL-3,,,22.960633,72.628577,-0.3940125,,,4
587,ADI,VTA - MAN,,487/26DA,IOL,,,,22.961176,72.628323,-10.00531,,,4
588,ADI,VTA - MAN,,487/28DA,VTA-SP,VTA ROB,,,22.961727,72.628092,-10.77492,,,4
589,ADI,VTA - MAN,,487/30DA,BWA,S-39,,,22.962331,72.627865,-11.23082,,,4
590,ADI,VTA - MAN,,487/32DA,,SEJ,,,22.962884,72.627584,-7.498177,,,4
591,ADI,VTA - MAN,,488/2DA,,,,,22.963377,72.627359,-7.691441,,,4
592,ADI,VTA - MAN,,488/4,,,,,22.96379,72.627136,-5.083736,,,4
593,ADI,VTA - MAN,,488/6,PTFE,,,,22.964255,72.626966,-4.853989,,,4
594,ADI,VTA - MAN,,488/8,ACA,SEJ,,,22.964733,72.626753,-5.250877,,,4
595,ADI,VTA - MAN,,488 / 8A,ACC,,,,22.965114,72.626593,-5.911255,,,4
596,ADI,VTA - MAN,,488/10,ACA,,,,22.965279,72.62653,-6.206112,,,4
597,ADI,VTA - MAN,,488/12,,,,,22.965774,72.626285,-8.898712,,,4
598,ADI,VTA - MAN,,488/14,,,,,22.96638,72.626001,-10.07342,,,4
599,ADI,VTA - MAN,,488/16,,,,,22.966959,72.62569,-11.17027,,,4
600,ADI,VTA - MAN,,488/18,,,,,22.967546,72.625441,-11.22561,,,4
601,ADI,VTA - MAN,,488/20,,,,,22.968085,72.62523,-9.223076,,,4
602,ADI,VTA - MAN,,488/22,,,,,22.968704,72.62496,-8.395973,,,4
603,ADI,VTA - MAN,,488/24,BWA,,,,22.969282,72.624678,-10.52976,,,4
604,ADI,VTA - MAN,,488/26,UNIOL,,,,22.969915,72.624404,-4.618889,,,4
605,ADI,VTA - MAN,,488/28,UNIOL,,,,22.971457,72.623679,75.03276,,,4
606,ADI,VTA - MAN,,488/30,BWA,,,,22.971457,72.623679,75.03276,,,4
607,ADI,VTA - MAN,,489/2,DN AT,,,,22.97167,72.623627,47.94814,,,4
608,ADI,VTA - MAN,,489/04,,,,,22.972302,72.623337,24.25702,,,4
609,ADI,VTA - MAN,,489/06,,,,,22.972912,72.623086,6.487549,,,4
610,ADI,VTA - MAN,,489/08,,,,,22.973526,72.622813,-1.894794,,,4
611,ADI,VTA - MAN,,489/10,,,,,22.974125,72.62249,-6.359142,,,4
612,ADI,VTA - MAN,,489/12,,,,,22.974701,72.622264,0.6224442,,,4
613,ADI,VTA - MAN,,489/14,,,,,22.975339,72.621977,-2.620956,,,4
614,ADI,VTA - MAN,,489/16,ACA,S-A48918,,,22.975936,72.621724,-3.333252,,,4
615,ADI,VTA - MAN,,489/18,ACC,,,,22.976538,72.621463,-2.848579,,,4
616,ADI,VTA - MAN,,489/20,ACA,LC-307,,,22.977143,72.62118,-1.17728,,,4
617,ADI,VTA - MAN,,489/22,,,,,22.977711,72.620932,-1.66468,,,4
618,ADI,VTA - MAN,,489/24,,,,,22.978336,72.620685,-0.4370461,,,4
619,ADI,VTA - MAN,,489/26,,,,,22.978934,72.620399,1.588249,,,4
620,ADI,VTA - MAN,,489/28,,,,,22.979557,72.620097,3.145164,,,4
621,ADI,VTA - MAN,,490/2,,,,,22.980139,72.619872,-1.97654,,,4
622,ADI,VTA - MAN,,490/04,BWA,,,,22.980654,72.619634,-1.657478,,,4
623,ADI,VTA - MAN,,490/06,UNIOL,CADILA ROB,,,22.981272,72.619358,-0.3115196,,,4
624,ADI,VTA - MAN,,490/ 06A,UNIOL,,,,22.981687,72.61913,1.457001,,,4
625,ADI,VTA - MAN,,490/ 08,BWA,,,,22.981862,72.619062,-0.6420135,,,4
626,ADI,VTA - MAN,,490/ 10,,,,,22.982441,72.618851,-4.153248,,,4
627,ADI,VTA - MAN,,490/ 12,,S-A49014,,,22.983064,72.618547,0.02166748,,,4
628,ADI,VTA - MAN,,490/ 14,,,,,22.983588,72.618283,6.683922,,,4
629,ADI,VTA - MAN,,490/ 16,,,,,22.984299,72.61799,4.910122,,,4
630,ADI,VTA - MAN,,490/ 18,BWA,,,,22.984882,72.617709,6.269241,,,4
631,ADI,VTA - MAN,,490/ 20,UNIOL,,,,22.985488,72.617449,8.585541,,,4
632,ADI,VTA - MAN,,490/ 22,UNIOL,,,,22.986067,72.617157,10.12191,,,4
633,ADI,VTA - MAN,,490/ 24,FTA,,,,22.986546,72.616979,4.764465,,,4
634,ADI,VTA - MAN,,490/ 26,,,,,22.987163,72.616706,1.434811,,,4
635,ADI,VTA - MAN,,490/ 28,,DAXINI ROB,,,22.987566,72.616479,4.549232,,,4
636,ADI,VTA - MAN,,490/  28A,,S-A49030,,,22.987892,72.616356,6.11359,,,4
637,ADI,VTA - MAN,,490/ 30,DN-AT,,,,22.988397,72.616227,7.157013,,,4
638,ADI,VTA - MAN,,491/02,,,,,22.988966,72.615897,0.01089096,,,4
639,ADI,VTA - MAN,,491/04,,,,,22.989572,72.615629,-0.4445267,,,4
640,ADI,VTA - MAN,,491/06,ACA,,,,22.990131,72.615362,-1.588562,,,4
641,ADI,VTA - MAN,,491/08,ACC,,,,22.990786,72.615084,-1.290432,,,4
642,ADI,VTA - MAN,,491/10,ACA,,,,22.99131,72.614828,-2.773335,,,4
643,ADI,VTA - MAN,,491/12,,,,,22.991929,72.61455,-3.441631,,,4
644,ADI,VTA - MAN,,491/14,,,,,22.992532,72.614272,1.400734,,,4
645,ADI,VTA - MAN,,491/16,,S A49118,,,22.993111,72.613991,0.5083122,,,4
646,ADI,VTA - MAN,,491/18,,,,,22.993709,72.613721,-0.9678993,,,4
647,ADI,VTA - MAN,,491/20,,,,,22.994299,72.613454,4.257359,,,4
648,ADI,VTA - MAN,,491/22,KHOKHARA ROB,LC-308,,,22.994699,72.613311,-0.6422081,,,4
649,ADI,VTA - MAN,,491/ 22A,,MAN PL-2,,,22.995098,72.613033,7.599277,,,4
650,ADI,VTA - MAN,,491/24,FTA,MAN PL-2,,,22.99554,72.612829,2.816917,,,4
651,ADI,VTA - MAN,,491/26,UNIOL,MAN PL-2,,,22.996057,72.612614,-3.788189,,,4
652,ADI,VTA - MAN,,491/28,UNIOL,MAN PL-2,,,22.996565,72.612377,-2.07526,,,4
653,ADI,VTA - MAN,,492/02,BWA,MAN PL-2,,,22.997128,72.612153,-5.600552,,,4
654,ADI,VTA - MAN,,492/04,,MAN PL-2,,,22.99763,72.612036,22.74978,,,4
655,ADI,VTA - MAN,,492/06,,MAN PL-2 & FOB,,,22.998062,72.611866,6.608604,,,4
656,ADI,VTA - MAN,,492/08,,MAN PL-2,,,22.998426,72.611571,1.339546,,,4
657,ADI,VTA - MAN,,492/10,,MAN PL-2,,,22.99891,72.611395,-2.135186,,,4
658,ADI,VTA - MAN,,492/12,BWA,MAN PL-2 & S-A49214,,,22.999707,72.61106,-14.06746,,,4
659,ADI,VTA - MAN,,492/14,BWA & X/OPT NO-101,,,,23.000053,72.610856,-52.98043,,,4
660,ADI,VTA - MAN,,492/16,SM-166  IOL,,,,23.000871,72.610522,-35.49815,,,4
661,ADI,VTA - MAN,,492/18,SM-166  IOL,,,,23.001542,72.61025,-28.37433,,,4
662,ADI,VTA - MAN,,492/20,BWA,,,,23.002072,72.609957,-18.79808,,,4
663,ADI,VTA - MAN,,492/22,,,,,23.002663,72.609725,-20.58018,,,4
664,ADI,VTA - MAN,,492/24,BWA & X/O PT.NO-106,,,,23.003195,72.609462,-14.68349,,,4
665,ADI,VTA - MAN,,492/26,SS-166 & T/O PT.NO-117,S-5,,,23.003811,72.609146,-14.87405,,,4
666,ADI,VTA - MAN,,492/28,,,,,23.004407,72.608889,-13.95858,,,4
667,ADI,VTA - MAN,,492/30,FTA & BWA,,,,23.004843,72.608638,-28.46894,,,4
668,ADI,MAN - ADI,,493/2,T/OPT NO-127,SEJ,,,23.005406,72.608492,-2.573635,,,4
669,ADI,MAN - ADI,,493/04,,,,,23.005911,72.608265,-5.19165,,,4
670,ADI,MAN - ADI,,493/06,,,,,23.006382,72.608028,-18.1908,,,4
671,ADI,MAN - ADI,,493/10,,,,,23.006959,72.6078,12.93697,,,4
672,ADI,MAN - ADI,,493/14,,KHOKHRA ROB,,,23.007459,72.607495,25.91319,,,4
673,ADI,MAN - ADI,,493/16,,,,,23.00766,72.607398,20.50199,,,4
674,ADI,MAN - ADI,,493/18,,,,,23.007892,72.607316,20.01478,,,4
675,ADI,MAN - ADI,,493/20,,,,,23.008355,72.607118,29.64088,,,4
676,ADI,MAN - ADI,,493/22 DA,,,,,23.008767,72.606958,8.779694,,,4
677,ADI,MAN - ADI,,493/24,,,,,23.008863,72.606927,7.744736,,,4
678,ADI,MAN - ADI,,493/26,,,,,23.009201,72.60679,5.038567,,,4
679,ADI,MAN - ADI,,493/28 DA,,,,,23.00952,72.606623,4.974331,,,4
680,ADI,MAN - ADI,,493/30 DA,,,,,23.009992,72.606417,3.035393,,,4
681,ADI,MAN - ADI,,493/32 DA,,SEJ,,,23.009992,72.606417,3.035393,,,4
682,ADI,MAN - ADI,,493/34 DA,,,,,23.010514,72.606266,-47.15385,,,4
683,ADI,MAN - ADI,,493/36 DA,,,,,23.010996,72.60603,-14.94296,,,4
684,ADI,MAN - ADI,,493/38 DA,ADISSP-DN-IOL,CURVE NO-16 DN,,,23.011654,72.605754,-11.40803,,,4
685,ADI,MAN - ADI,,493/40 DA,ADI-SSP DN-IOL,CURVE NO-16 DN,,,23.012184,72.605541,-15.81844,,,4
686,ADI,MAN - ADI,,493/42 DA,X/O-P-NO-476,,,,23.012688,72.605275,-6.968513,,,4
687,ADI,MAN - ADI,,493/44 DA,X/O-P-NO-493A-SI,,,,23.013308,72.605048,-10.66288,,,4
688,ADI,MAN - ADI,,494/02 DA,X/O-P-NO-473472,,,,23.013869,72.604768,-18.85375,,,4
689,ADI,MAN - ADI,,494/04 DA,X/O-P-NO-471 SI,,,,23.014474,72.604487,-18.49091,,,4
690,ADI,MAN - ADI,,494/06 DA,X/O-P-NO-471,,,,23.015051,72.604187,-8.320576,,,4
691,ADI,MAN - ADI,,494/08 DA,SX/O-SI,S-210,,,23.015584,72.603973,-7.323647,,,4
692,ADI,MAN - ADI,,494/10 DA,X/O-P-NO466&P-NO488,,,,23.016121,72.603714,0.4900513,,,4
693,ADI,MAN - ADI,,494/12DA,,,,,23.016739,72.603479,-1.512573,,,4
694,ADI,MAN - ADI,,494/16DA,,SEJ,,,23.017276,72.603229,-0.3225327,,,4
695,ADI,MAN - ADI,,494/18DA,BWAT/O-NO487,,,,23.018172,72.602827,-0.9701843,,,4
696,ADI,MAN - ADI,,494/20DA,BWA& T/O-NO-456,,,,23.018119,72.602851,-1.646206,,,4
697,ADI,MAN - ADI,,494/22DA,T/O-NO454,,,,23.018466,72.602724,-5.090187,,,4
698,ADI,MAN - ADI,,494/24DA,,,,,23.01877,72.602617,-2.095078,,,4
699,ADI,MAN - ADI,,494/26DA,T/O NO-453,,,,23.019082,72.602461,2.910461,,,4
700,ADI,MAN - ADI,,494/27,,,,,23.019526,72.602353,2.896297,,,9/15/2014 11:08
701,ADI,MAN - ADI,,494/29-DA,,,,,23.019676,72.602289,5.725868,,,9/15/2014 11:11
702,ADI,MAN - ADI,,494/33,,,,,23.019952,72.602251,-16.2567,,,9/15/2014 11:14
703,ADI,MAN - ADI,,494/33A,,,,,23.020171,72.602161,-20.4034,,,9/15/2014 11:16
704,ADI,MAN - ADI,,494/1003A,,GOMTIPUR-ROB,,,23.020565,72.60214,-9.727776,,,
705,ADI,MAN - ADI,,ADI/1005,,SH-240,,,23.021036,72.602,-4.630127,,,
706,ADI,MAN - ADI,,ADI/1005B,,,,,23.021182,72.602014,-11.57905,,,
707,ADI,MAN - ADI,,ADI/1007A,,BG-TOWER,,,23.021629,72.601965,-6.125763,,,9/15/2014 11:29
708,ADI,MAN - ADI,,ADI/1011,,BG-TOWER,,,23.021929,72.601931,-2.88657,,,9/15/2014 11:30
709,ADI,MAN - ADI,,ADI/1017BDA,,,,,23.022365,72.601874,-2.492382,,,9/15/2014 11:32
710,ADI,MAN - ADI,,ADI/1021DA,,ADI PL-5,,,23.02282,72.601853,-0.5917892,,,9/15/2014 11:34
711,ADI,MAN - ADI,,ADI/1041DA,,ADI PL-5,,,23.023338,72.601823,-2.144691,,,9/15/2014 11:35
712,ADI,MAN - ADI,,495/1053DA,,ADI PL-5 FOB,,,23.024046,72.601998,-3.186996,,,9/15/2014 11:43
713,ADI,MAN - ADI,,495/1061DA,,ADI PL-5 ,,,23.024482,72.602034,-0.0416832,,,4
